Lotto Texas,4,26,2006,32,6,23,14,8,52
Lotto Texas,4,29,2006,44,31,5,10,7,28
Lotto Texas,5,3,2006,40,17,24,42,37,5
Lotto Texas,5,6,2006,18,40,10,17,25,39
Lotto Texas,5,10,2006,53,50,14,10,24,8
Lotto Texas,5,13,2006,16,44,4,46,5,18
Lotto Texas,5,17,2006,20,1,47,11,18,12
Lotto Texas,5,20,2006,18,6,50,48,37,44
Lotto Texas,5,24,2006,1,22,49,41,33,50
Lotto Texas,5,27,2006,51,9,23,6,40,16
Lotto Texas,5,31,2006,4,36,42,24,7,17
Lotto Texas,6,3,2006,7,28,47,11,42,20
Lotto Texas,6,7,2006,17,40,13,38,31,14
Lotto Texas,6,10,2006,24,47,44,28,42,41
Lotto Texas,6,14,2006,14,38,33,31,20,21
Lotto Texas,6,17,2006,29,43,26,2,39,50
Lotto Texas,6,21,2006,32,6,52,31,8,9
Lotto Texas,6,24,2006,38,43,33,2,46,19
Lotto Texas,6,28,2006,19,41,31,22,8,43
Lotto Texas,7,1,2006,19,26,16,54,49,5
Lotto Texas,7,5,2006,7,13,36,30,39,35
Lotto Texas,7,8,2006,22,25,36,29,44,50
Lotto Texas,7,12,2006,41,43,15,28,35,40
Lotto Texas,7,15,2006,12,21,22,3,5,42
Lotto Texas,7,19,2006,4,3,19,17,33,7
Lotto Texas,7,22,2006,23,42,19,24,16,40
Lotto Texas,7,26,2006,39,24,51,8,7,2
Lotto Texas,7,29,2006,17,35,38,48,27,39
Lotto Texas,8,2,2006,21,41,10,42,19,49
Lotto Texas,8,5,2006,15,11,42,40,21,24
Lotto Texas,8,9,2006,5,2,13,22,43,28
Lotto Texas,8,12,2006,20,12,29,28,6,14
Lotto Texas,8,16,2006,24,11,7,17,52,41
Lotto Texas,8,19,2006,53,5,13,40,36,28
Lotto Texas,8,23,2006,12,53,8,37,31,15
Lotto Texas,8,26,2006,38,53,40,28,12,33
Lotto Texas,8,30,2006,36,26,13,24,52,30
Lotto Texas,9,2,2006,46,36,45,54,32,37
Lotto Texas,9,6,2006,38,26,29,46,48,44
Lotto Texas,9,9,2006,13,1,34,31,39,48
Lotto Texas,9,13,2006,47,8,16,9,54,34
Lotto Texas,9,16,2006,2,7,23,49,3,16
Lotto Texas,9,20,2006,3,45,53,51,41,25
Lotto Texas,9,23,2006,16,51,31,8,38,36
Lotto Texas,9,27,2006,37,15,36,2,21,8
Lotto Texas,9,30,2006,42,47,52,27,32,22
Lotto Texas,10,4,2006,18,22,38,1,13,27
Lotto Texas,10,7,2006,28,7,3,49,10,37
Lotto Texas,10,11,2006,20,49,2,39,19,42
Lotto Texas,10,14,2006,42,39,9,31,32,5
Lotto Texas,10,18,2006,33,16,4,15,51,23
Lotto Texas,10,21,2006,25,4,34,8,52,13
Lotto Texas,10,25,2006,54,7,11,24,5,26
Lotto Texas,10,28,2006,2,15,24,48,36,7
Lotto Texas,11,1,2006,31,17,36,10,19,11
Lotto Texas,11,4,2006,28,19,21,52,16,30
Lotto Texas,11,8,2006,9,54,21,17,53,4
Lotto Texas,11,11,2006,52,47,43,10,27,42
Lotto Texas,11,15,2006,36,15,22,54,38,7
Lotto Texas,11,18,2006,1,46,13,47,16,6
Lotto Texas,11,22,2006,8,41,34,46,33,5
Lotto Texas,11,25,2006,39,45,36,17,47,31
Lotto Texas,11,29,2006,25,44,54,47,48,46
Lotto Texas,12,2,2006,26,37,30,16,33,8
Lotto Texas,12,6,2006,13,47,34,21,20,23
Lotto Texas,12,9,2006,9,50,8,12,37,7
Lotto Texas,12,13,2006,38,50,11,52,37,30
Lotto Texas,12,16,2006,20,6,22,3,41,4
Lotto Texas,12,20,2006,20,41,52,34,46,31
Lotto Texas,12,23,2006,26,34,14,17,10,36
Lotto Texas,12,27,2006,50,51,33,3,8,10
Lotto Texas,12,30,2006,39,16,5,34,19,43
Lotto Texas,1,3,2007,31,40,7,30,44,38
Lotto Texas,1,6,2007,33,43,23,11,46,54
Lotto Texas,1,10,2007,19,16,15,10,51,24
Lotto Texas,1,13,2007,9,18,8,28,52,46
Lotto Texas,1,17,2007,29,14,10,19,34,5
Lotto Texas,1,20,2007,16,17,15,43,12,11
Lotto Texas,1,24,2007,26,13,50,3,8,47
Lotto Texas,1,27,2007,3,43,5,41,27,7
Lotto Texas,1,31,2007,21,3,14,4,37,7
Lotto Texas,2,3,2007,3,45,29,53,25,12
Lotto Texas,2,7,2007,24,10,26,45,40,49
Lotto Texas,2,10,2007,11,22,48,6,35,27
Lotto Texas,2,14,2007,13,4,51,45,43,24
Lotto Texas,2,17,2007,37,28,18,30,2,50
Lotto Texas,2,21,2007,17,31,51,14,47,21
Lotto Texas,2,24,2007,33,6,49,19,34,36
Lotto Texas,2,28,2007,48,10,22,21,51,34
Lotto Texas,3,3,2007,26,37,38,25,33,36
Lotto Texas,3,7,2007,31,18,3,36,24,16
Lotto Texas,3,10,2007,47,22,8,4,7,29
Lotto Texas,3,14,2007,37,27,29,26,35,3
Lotto Texas,3,17,2007,38,31,40,41,2,15
Lotto Texas,3,21,2007,29,4,52,50,14,12
Lotto Texas,3,24,2007,26,42,29,8,33,39
Lotto Texas,3,28,2007,20,49,5,6,28,30
Lotto Texas,3,31,2007,14,43,26,19,31,28
Lotto Texas,4,4,2007,27,10,7,35,42,54
Lotto Texas,4,7,2007,30,33,7,9,53,11
Lotto Texas,4,11,2007,14,27,13,15,8,52
Lotto Texas,4,14,2007,4,31,35,32,46,51
Lotto Texas,4,18,2007,49,13,48,31,21,42
Lotto Texas,4,21,2007,19,16,21,18,47,17
Lotto Texas,4,25,2007,23,8,49,5,30,18
Lotto Texas,4,28,2007,8,11,36,48,7,34
Lotto Texas,5,2,2007,47,35,31,38,46,25
Lotto Texas,5,5,2007,23,53,25,29,16,18
Lotto Texas,5,9,2007,13,3,25,12,47,16
Lotto Texas,5,12,2007,30,31,50,17,38,20
Lotto Texas,5,16,2007,6,11,17,47,40,51
Lotto Texas,5,19,2007,52,49,10,17,44,29
Lotto Texas,5,23,2007,1,52,14,13,3,22
Lotto Texas,5,26,2007,16,1,48,22,21,10
Lotto Texas,5,30,2007,7,45,28,30,18,52
Lotto Texas,6,2,2007,38,34,39,54,44,37
Lotto Texas,6,6,2007,50,18,24,46,44,12
Lotto Texas,6,9,2007,49,14,42,53,45,9
Lotto Texas,6,13,2007,51,27,21,25,32,19
Lotto Texas,6,16,2007,17,33,38,5,11,23
Lotto Texas,6,20,2007,1,47,41,8,16,39
Lotto Texas,6,23,2007,33,1,18,31,47,14
Lotto Texas,6,27,2007,48,12,49,11,43,50
Lotto Texas,6,30,2007,41,24,40,15,2,16
Lotto Texas,7,4,2007,5,8,38,43,12,34
Lotto Texas,7,7,2007,19,50,14,32,27,3
Lotto Texas,7,11,2007,20,24,54,31,6,23
Lotto Texas,7,14,2007,29,45,10,49,52,39
Lotto Texas,7,18,2007,42,37,34,38,3,21
Lotto Texas,7,21,2007,14,34,9,21,12,42
Lotto Texas,7,25,2007,3,8,30,38,15,12
Lotto Texas,7,28,2007,52,38,45,47,35,12
Lotto Texas,8,1,2007,34,44,18,40,19,43
Lotto Texas,8,4,2007,18,23,24,7,4,37
Lotto Texas,8,8,2007,44,38,23,7,22,46
Lotto Texas,8,11,2007,17,25,30,38,36,41
Lotto Texas,8,15,2007,24,21,39,12,38,35
Lotto Texas,8,18,2007,52,50,12,27,1,40
Lotto Texas,8,22,2007,4,47,19,35,33,31
Lotto Texas,8,25,2007,26,53,12,16,45,23
Lotto Texas,8,29,2007,32,52,41,33,46,49
Lotto Texas,9,1,2007,47,52,49,45,35,10
Lotto Texas,9,5,2007,7,40,17,9,20,29
Lotto Texas,9,8,2007,41,34,7,37,8,48
Lotto Texas,9,12,2007,36,34,14,46,24,7
Lotto Texas,9,15,2007,16,52,41,28,17,21
Lotto Texas,9,19,2007,19,12,1,14,21,5
Lotto Texas,9,22,2007,39,36,28,10,35,19
Lotto Texas,9,26,2007,49,22,14,41,16,25
Lotto Texas,9,29,2007,37,26,11,30,9,38
Lotto Texas,10,3,2007,23,52,39,38,19,18
Lotto Texas,10,6,2007,35,14,18,49,26,17
Lotto Texas,10,10,2007,42,46,34,40,21,19
Lotto Texas,10,13,2007,19,40,17,10,3,25
Lotto Texas,10,17,2007,14,28,35,34,52,44
Lotto Texas,10,20,2007,43,30,36,4,47,15
Lotto Texas,10,24,2007,29,22,28,52,16,38
Lotto Texas,10,27,2007,23,14,43,19,29,6
Lotto Texas,10,31,2007,7,36,29,19,33,53
Lotto Texas,11,3,2007,5,10,9,53,29,49
Lotto Texas,11,7,2007,17,1,28,24,25,49
Lotto Texas,11,10,2007,12,10,42,53,1,17
Lotto Texas,11,14,2007,7,40,2,20,21,23
Lotto Texas,11,17,2007,23,18,51,54,34,46
Lotto Texas,11,21,2007,9,35,21,44,2,50
Lotto Texas,11,24,2007,43,27,4,54,44,30
Lotto Texas,11,28,2007,36,31,23,32,34,17
Lotto Texas,12,1,2007,46,8,38,40,31,41
Lotto Texas,12,5,2007,40,21,8,44,53,36
Lotto Texas,12,8,2007,26,15,8,18,10,44
Lotto Texas,12,12,2007,20,42,16,4,34,32
Lotto Texas,12,15,2007,19,37,24,20,44,29
Lotto Texas,12,19,2007,53,16,34,49,50,14
Lotto Texas,12,22,2007,18,2,20,26,21,17
Lotto Texas,12,26,2007,2,4,43,35,52,16
Lotto Texas,12,29,2007,32,30,12,44,25,33
Lotto Texas,1,2,2008,32,28,22,44,52,54
Lotto Texas,1,5,2008,29,51,20,31,2,16
Lotto Texas,1,9,2008,34,40,44,36,3,49
Lotto Texas,1,12,2008,35,15,18,38,24,6
Lotto Texas,1,16,2008,17,25,6,8,39,5
Lotto Texas,1,19,2008,39,10,42,53,36,34
Lotto Texas,1,23,2008,15,24,29,53,18,32
Lotto Texas,1,26,2008,8,21,44,29,51,10
Lotto Texas,1,30,2008,4,3,50,31,23,9
Lotto Texas,2,2,2008,26,28,35,27,1,45
Lotto Texas,2,6,2008,27,9,12,30,31,5
Lotto Texas,2,9,2008,17,42,36,43,19,47
Lotto Texas,2,13,2008,35,19,26,31,16,7
Lotto Texas,2,16,2008,27,28,9,53,14,26
Lotto Texas,2,20,2008,16,32,36,41,43,49
Lotto Texas,2,23,2008,35,21,7,43,50,2
Lotto Texas,2,27,2008,26,2,44,30,28,4
Lotto Texas,3,1,2008,23,47,17,49,41,11
Lotto Texas,3,5,2008,4,28,3,36,10,12
Lotto Texas,3,8,2008,46,35,31,23,2,7
Lotto Texas,3,12,2008,29,14,26,23,8,22
Lotto Texas,3,15,2008,32,23,35,25,26,31
Lotto Texas,3,19,2008,17,46,35,48,42,40
Lotto Texas,3,22,2008,12,26,37,35,53,11
Lotto Texas,3,26,2008,43,40,47,12,27,25
Lotto Texas,3,29,2008,11,22,40,27,33,2
Lotto Texas,4,2,2008,44,41,7,21,18,20
Lotto Texas,4,5,2008,18,53,15,27,3,10
Lotto Texas,4,9,2008,14,29,7,30,24,5
Lotto Texas,4,12,2008,2,25,12,27,8,3
Lotto Texas,4,16,2008,28,27,14,18,2,9
Lotto Texas,4,19,2008,39,15,20,43,38,37
Lotto Texas,4,23,2008,38,23,48,8,12,52
Lotto Texas,4,26,2008,6,17,37,31,27,38
Lotto Texas,4,30,2008,31,14,42,26,39,48
Lotto Texas,5,3,2008,21,30,19,24,17,29
Lotto Texas,5,7,2008,50,9,41,13,18,30
Lotto Texas,5,10,2008,44,43,27,19,35,36
Lotto Texas,5,14,2008,29,23,37,43,47,22
Lotto Texas,5,17,2008,1,34,6,4,17,36
Lotto Texas,5,21,2008,49,26,44,39,38,31
Lotto Texas,5,24,2008,41,23,26,22,33,53
Lotto Texas,5,28,2008,30,26,18,51,7,2
Lotto Texas,5,31,2008,19,29,18,26,32,42
Lotto Texas,6,4,2008,46,18,6,4,32,19
Lotto Texas,6,7,2008,12,33,39,18,50,19
Lotto Texas,6,11,2008,32,22,31,42,45,43
Lotto Texas,6,14,2008,10,38,46,1,20,35
Lotto Texas,6,18,2008,53,27,28,35,13,5
Lotto Texas,6,21,2008,52,16,35,13,49,2
Lotto Texas,6,25,2008,43,45,26,36,54,24
Lotto Texas,6,28,2008,23,8,36,49,26,17
Lotto Texas,7,2,2008,28,31,19,10,3,37
Lotto Texas,7,5,2008,6,28,18,39,30,48
Lotto Texas,7,9,2008,16,41,31,35,9,17
Lotto Texas,7,12,2008,28,9,49,47,1,10
Lotto Texas,7,16,2008,47,5,31,43,17,32
Lotto Texas,7,19,2008,25,35,41,42,30,8
Lotto Texas,7,23,2008,27,6,29,14,33,51
Lotto Texas,7,26,2008,53,23,36,5,2,12
Lotto Texas,7,30,2008,15,12,6,2,32,23
Lotto Texas,8,2,2008,6,26,27,33,38,25
Lotto Texas,8,6,2008,15,7,41,34,38,27
Lotto Texas,8,9,2008,35,48,7,15,18,40
Lotto Texas,8,13,2008,11,7,39,20,21,50
Lotto Texas,8,16,2008,32,42,28,10,5,23
Lotto Texas,8,20,2008,3,10,33,37,51,52
Lotto Texas,8,23,2008,49,43,35,26,40,27
Lotto Texas,8,27,2008,53,40,8,25,15,5
Lotto Texas,8,30,2008,12,24,2,20,52,15
Lotto Texas,9,3,2008,19,47,50,23,24,32
Lotto Texas,9,6,2008,6,38,4,1,28,37
Lotto Texas,9,10,2008,16,26,48,21,8,43
Lotto Texas,9,13,2008,11,32,4,25,12,9
Lotto Texas,9,17,2008,19,29,37,44,49,4
Lotto Texas,9,20,2008,45,7,23,20,22,5
Lotto Texas,9,24,2008,40,2,34,17,39,13
Lotto Texas,9,27,2008,25,8,34,45,36,10
Lotto Texas,10,1,2008,41,13,25,24,45,12
Lotto Texas,10,4,2008,11,54,49,14,45,4
Lotto Texas,10,8,2008,48,42,52,20,31,19
Lotto Texas,10,11,2008,37,33,39,19,25,9
Lotto Texas,10,15,2008,1,12,48,50,17,37
Lotto Texas,10,18,2008,52,16,7,48,35,14
Lotto Texas,10,22,2008,49,17,13,7,50,43
Lotto Texas,10,25,2008,52,10,50,28,17,2
Lotto Texas,10,29,2008,46,54,32,9,28,53
Lotto Texas,11,1,2008,9,37,10,51,12,17
Lotto Texas,11,5,2008,51,45,20,50,1,26
Lotto Texas,11,8,2008,37,39,46,17,28,29
Lotto Texas,11,12,2008,47,53,1,50,40,20
Lotto Texas,11,15,2008,51,47,22,40,24,21
Lotto Texas,11,19,2008,52,15,48,37,40,47
Lotto Texas,11,22,2008,26,53,19,12,35,49
Lotto Texas,11,26,2008,19,1,43,53,46,29
Lotto Texas,11,29,2008,53,17,9,27,4,35
Lotto Texas,12,3,2008,9,47,6,30,43,25
Lotto Texas,12,6,2008,11,13,49,18,26,6
Lotto Texas,12,10,2008,41,25,11,22,43,9
Lotto Texas,12,13,2008,50,23,13,16,36,35
Lotto Texas,12,17,2008,4,3,25,24,32,23
Lotto Texas,12,20,2008,12,5,47,35,29,42
Lotto Texas,12,24,2008,51,32,53,28,11,49
Lotto Texas,12,27,2008,42,17,39,3,46,33
Lotto Texas,12,31,2008,34,19,7,47,9,12
Lotto Texas,1,3,2009,6,12,15,29,21,22
Lotto Texas,1,7,2009,27,44,37,24,54,38
Lotto Texas,1,10,2009,23,33,41,11,47,44
Lotto Texas,1,14,2009,41,28,5,33,47,51
Lotto Texas,1,17,2009,16,19,45,47,6,15
Lotto Texas,1,21,2009,40,20,33,43,25,6
Lotto Texas,1,24,2009,50,35,12,39,8,13
Lotto Texas,1,28,2009,45,7,47,21,46,19
Lotto Texas,1,31,2009,2,51,10,3,44,33
Lotto Texas,2,4,2009,33,22,15,24,30,13
Lotto Texas,2,7,2009,8,34,5,36,27,40
Lotto Texas,2,11,2009,52,23,27,15,21,38
Lotto Texas,2,14,2009,44,7,4,13,35,48
Lotto Texas,2,18,2009,54,25,52,39,37,45
Lotto Texas,2,21,2009,5,8,16,54,10,45
Lotto Texas,2,25,2009,26,53,32,11,20,50
Lotto Texas,2,28,2009,37,49,11,42,15,36
Lotto Texas,3,4,2009,25,3,28,18,23,22
Lotto Texas,3,7,2009,15,48,17,42,22,1
Lotto Texas,3,11,2009,26,36,54,31,42,24
Lotto Texas,3,14,2009,35,44,53,31,51,42
Lotto Texas,3,18,2009,4,24,20,34,15,22
Lotto Texas,3,21,2009,6,27,39,10,46,16
Lotto Texas,3,25,2009,50,34,19,37,26,32
Lotto Texas,3,28,2009,7,10,14,36,4,9
Lotto Texas,4,1,2009,14,12,41,21,51,40
Lotto Texas,4,4,2009,17,53,20,19,43,31
Lotto Texas,4,8,2009,43,39,15,20,9,28
Lotto Texas,4,11,2009,51,34,7,30,36,29
Lotto Texas,4,15,2009,39,37,31,41,16,17
Lotto Texas,4,18,2009,13,7,28,23,6,2
Lotto Texas,4,22,2009,40,25,5,51,53,32
Lotto Texas,4,25,2009,43,15,24,22,29,50
Lotto Texas,4,29,2009,39,23,24,10,6,42
Lotto Texas,5,2,2009,39,31,43,42,35,10
Lotto Texas,5,6,2009,14,4,43,29,21,34
Lotto Texas,5,9,2009,33,49,4,42,28,1
Lotto Texas,5,13,2009,36,34,1,6,19,32
Lotto Texas,5,16,2009,25,50,13,48,19,33
Lotto Texas,5,20,2009,23,41,8,16,54,26
Lotto Texas,5,23,2009,9,7,50,22,5,46
Lotto Texas,5,27,2009,6,21,23,42,54,19
Lotto Texas,5,30,2009,25,43,26,48,10,46
Lotto Texas,6,3,2009,32,48,50,18,43,2
Lotto Texas,6,6,2009,15,21,51,37,53,30
Lotto Texas,6,10,2009,37,20,39,17,30,24
Lotto Texas,6,13,2009,34,19,29,49,5,30
Lotto Texas,6,17,2009,35,46,47,54,15,24
Lotto Texas,6,20,2009,8,35,26,50,34,17
Lotto Texas,6,24,2009,7,17,41,23,1,16
Lotto Texas,6,27,2009,14,22,17,28,46,6
Lotto Texas,7,1,2009,26,2,29,18,15,16
Lotto Texas,7,4,2009,1,6,53,19,40,39
Lotto Texas,7,8,2009,24,36,11,3,17,23
Lotto Texas,7,11,2009,25,24,41,21,18,46
Lotto Texas,7,15,2009,42,1,24,16,14,38
Lotto Texas,7,18,2009,22,54,33,23,21,15
Lotto Texas,7,22,2009,14,27,48,49,47,51
Lotto Texas,7,25,2009,30,54,4,26,44,16
Lotto Texas,7,29,2009,8,39,53,15,38,19
Lotto Texas,8,1,2009,27,18,54,10,4,26
Lotto Texas,8,5,2009,41,17,30,22,18,24
Lotto Texas,8,8,2009,12,15,5,50,49,39
Lotto Texas,8,12,2009,14,43,53,49,22,54
Lotto Texas,8,15,2009,25,21,52,38,27,54
Lotto Texas,8,19,2009,16,42,28,38,5,40
Lotto Texas,8,22,2009,41,42,23,20,17,28
Lotto Texas,8,26,2009,15,22,26,49,14,16
Lotto Texas,8,29,2009,36,41,53,21,38,5
Lotto Texas,9,2,2009,39,6,16,45,51,19
Lotto Texas,9,5,2009,7,36,39,19,43,38
Lotto Texas,9,9,2009,30,21,33,37,14,12
Lotto Texas,9,12,2009,4,2,30,45,23,22
Lotto Texas,9,16,2009,26,41,53,42,20,8
Lotto Texas,9,19,2009,22,47,36,24,46,20
Lotto Texas,9,23,2009,35,13,2,15,33,47
Lotto Texas,9,26,2009,53,23,21,40,24,22
Lotto Texas,9,30,2009,15,26,27,31,39,2
Lotto Texas,10,3,2009,35,54,51,34,12,23
Lotto Texas,10,7,2009,16,25,15,38,31,30
Lotto Texas,10,10,2009,39,40,9,13,19,16
Lotto Texas,10,14,2009,14,5,52,41,13,9
Lotto Texas,10,17,2009,20,39,8,53,19,37
Lotto Texas,10,21,2009,9,20,42,51,53,27
Lotto Texas,10,24,2009,51,13,42,37,28,27
Lotto Texas,10,28,2009,38,28,17,20,33,18
Lotto Texas,10,31,2009,40,22,17,41,9,24
Lotto Texas,11,4,2009,31,38,49,34,14,25
Lotto Texas,11,7,2009,22,38,6,31,42,3
Lotto Texas,11,11,2009,20,8,14,28,49,24
Lotto Texas,11,14,2009,30,3,8,27,36,37
Lotto Texas,11,18,2009,16,44,7,21,18,15
Lotto Texas,11,21,2009,53,50,31,41,24,35
Lotto Texas,11,25,2009,9,19,41,23,2,42
Lotto Texas,11,28,2009,45,5,14,46,27,3
Lotto Texas,12,2,2009,4,39,7,43,22,25
Lotto Texas,12,5,2009,6,31,1,8,51,26
Lotto Texas,12,9,2009,5,42,1,21,31,46
Lotto Texas,12,12,2009,37,46,16,6,8,24
Lotto Texas,12,16,2009,31,19,10,18,30,33
Lotto Texas,12,19,2009,4,10,46,25,37,48
Lotto Texas,12,23,2009,38,20,10,2,52,43
Lotto Texas,12,26,2009,31,42,18,3,49,40
Lotto Texas,12,30,2009,44,21,16,35,12,27
Lotto Texas,1,2,2010,29,6,43,3,16,40
Lotto Texas,1,6,2010,40,22,5,50,26,12
Lotto Texas,1,9,2010,54,7,3,40,35,28
Lotto Texas,1,13,2010,47,24,30,31,17,7
Lotto Texas,1,16,2010,42,25,7,29,9,1
Lotto Texas,1,20,2010,19,4,29,54,49,40
Lotto Texas,1,23,2010,33,8,23,43,50,19
Lotto Texas,1,27,2010,13,48,25,28,51,54
Lotto Texas,1,30,2010,49,52,3,14,29,7
Lotto Texas,2,3,2010,44,14,48,41,39,49
Lotto Texas,2,6,2010,49,24,9,30,52,6
Lotto Texas,2,10,2010,12,37,4,27,1,48
Lotto Texas,2,13,2010,51,29,35,32,14,39
Lotto Texas,2,17,2010,11,54,39,25,10,31
Lotto Texas,2,20,2010,28,1,20,22,24,42
Lotto Texas,2,24,2010,4,20,48,50,46,18
Lotto Texas,2,27,2010,39,52,32,27,33,49
Lotto Texas,3,3,2010,8,15,39,17,21,36
Lotto Texas,3,6,2010,26,43,19,40,52,39
Lotto Texas,3,10,2010,36,42,48,47,52,54
Lotto Texas,3,13,2010,27,43,17,47,10,8
Lotto Texas,3,17,2010,32,48,42,14,38,24
Lotto Texas,3,20,2010,27,33,54,4,18,37
Lotto Texas,3,24,2010,6,16,44,23,25,17
Lotto Texas,3,27,2010,12,28,11,35,42,20
Lotto Texas,3,31,2010,34,4,42,40,38,13
Lotto Texas,4,3,2010,32,3,48,1,53,43
Lotto Texas,4,7,2010,8,5,21,32,40,13
Lotto Texas,4,10,2010,19,40,47,33,52,12
Lotto Texas,4,14,2010,42,36,52,6,34,10
Lotto Texas,4,17,2010,19,45,34,5,23,24
Lotto Texas,4,21,2010,50,51,26,15,41,20
Lotto Texas,4,24,2010,36,53,20,19,14,28
Lotto Texas,4,28,2010,39,20,7,18,21,54
Lotto Texas,5,1,2010,14,35,53,50,27,52
Lotto Texas,5,5,2010,54,18,28,49,33,5
Lotto Texas,5,8,2010,22,14,47,12,42,37
Lotto Texas,5,12,2010,36,10,26,27,37,13
Lotto Texas,5,15,2010,8,26,17,42,28,22
Lotto Texas,5,19,2010,7,21,44,45,42,17
Lotto Texas,5,22,2010,54,13,20,14,2,23
Lotto Texas,5,26,2010,34,21,12,38,11,54
Lotto Texas,5,29,2010,23,48,5,35,41,10
Lotto Texas,6,2,2010,20,7,39,25,48,26
Lotto Texas,6,5,2010,46,33,9,36,11,19
Lotto Texas,6,9,2010,11,23,52,3,27,36
Lotto Texas,6,12,2010,14,4,18,25,32,1
Lotto Texas,6,16,2010,22,41,44,19,8,36
Lotto Texas,6,19,2010,18,27,31,1,29,21
Lotto Texas,6,23,2010,1,22,3,30,9,24
Lotto Texas,6,26,2010,18,47,51,6,38,7
Lotto Texas,6,30,2010,12,52,18,29,1,34
Lotto Texas,7,3,2010,25,16,34,20,45,19
Lotto Texas,7,7,2010,3,39,26,34,50,25
Lotto Texas,7,10,2010,18,31,23,7,45,4
Lotto Texas,7,14,2010,28,5,18,46,48,1
Lotto Texas,7,17,2010,5,18,28,21,3,36
Lotto Texas,7,21,2010,33,6,47,46,49,45
Lotto Texas,7,24,2010,21,41,51,16,33,34
Lotto Texas,7,28,2010,37,51,46,39,6,38
Lotto Texas,7,31,2010,46,19,29,44,8,48
Lotto Texas,8,4,2010,18,45,30,15,31,48
Lotto Texas,8,7,2010,47,19,33,40,20,28
Lotto Texas,8,11,2010,4,21,24,48,40,43
Lotto Texas,8,14,2010,24,34,25,43,33,23
Lotto Texas,8,18,2010,31,50,11,52,8,36
Lotto Texas,8,21,2010,28,3,2,17,27,16
Lotto Texas,8,25,2010,14,6,18,51,52,2
Lotto Texas,8,28,2010,45,25,39,12,1,36
Lotto Texas,9,1,2010,42,23,8,44,41,15
Lotto Texas,9,4,2010,29,20,9,39,32,41
Lotto Texas,9,8,2010,38,43,11,20,34,14
Lotto Texas,9,11,2010,22,28,7,41,53,25
Lotto Texas,9,15,2010,49,36,38,24,6,3
Lotto Texas,9,18,2010,7,44,43,49,12,46
Lotto Texas,9,22,2010,18,30,2,4,22,8
Lotto Texas,9,25,2010,7,46,1,43,26,51
Lotto Texas,9,29,2010,21,47,11,3,46,29
Lotto Texas,10,2,2010,14,44,25,5,50,35
Lotto Texas,10,6,2010,34,33,37,35,6,31
Lotto Texas,10,9,2010,30,22,11,29,51,44
Lotto Texas,10,13,2010,44,17,28,35,12,4
Lotto Texas,10,16,2010,35,39,22,52,43,11
Lotto Texas,10,20,2010,49,29,16,46,43,9
Lotto Texas,10,23,2010,39,22,51,4,24,54
Lotto Texas,10,27,2010,19,38,31,20,36,5
Lotto Texas,10,30,2010,44,54,46,8,34,37
Lotto Texas,11,3,2010,6,21,50,7,48,24
Lotto Texas,11,6,2010,18,20,52,33,35,26
Lotto Texas,11,10,2010,17,33,28,4,38,40
Lotto Texas,11,13,2010,48,2,45,9,54,22
Lotto Texas,11,17,2010,6,19,21,49,27,1
Lotto Texas,11,20,2010,35,19,23,7,34,54
Lotto Texas,11,24,2010,10,16,29,6,49,22
Lotto Texas,11,27,2010,41,8,27,16,46,5
Lotto Texas,12,1,2010,34,40,35,4,52,19
Lotto Texas,12,4,2010,14,9,6,27,5,51
Lotto Texas,12,8,2010,17,3,40,12,28,16
Lotto Texas,12,11,2010,27,22,19,28,26,35
Lotto Texas,12,15,2010,14,27,36,34,42,52
Lotto Texas,12,18,2010,17,23,38,46,16,31
Lotto Texas,12,22,2010,14,1,41,18,19,8
Lotto Texas,12,25,2010,33,20,49,18,51,15
Lotto Texas,12,29,2010,43,44,19,38,46,4
Lotto Texas,1,1,2011,20,40,53,16,39,8
Lotto Texas,1,5,2011,33,26,54,35,17,43
Lotto Texas,1,8,2011,50,15,35,34,26,17
Lotto Texas,1,12,2011,50,15,26,40,5,52
Lotto Texas,1,15,2011,41,39,6,30,17,9
Lotto Texas,1,19,2011,39,43,37,42,20,22
Lotto Texas,1,22,2011,47,38,45,36,32,44
Lotto Texas,1,26,2011,23,18,2,40,35,7
Lotto Texas,1,29,2011,33,44,10,31,4,5
Lotto Texas,2,2,2011,43,42,11,31,19,37
Lotto Texas,2,5,2011,21,48,3,4,46,49
Lotto Texas,2,9,2011,41,2,31,35,21,19
Lotto Texas,2,12,2011,24,52,48,32,35,53
Lotto Texas,2,16,2011,21,28,30,3,4,7
Lotto Texas,2,19,2011,5,27,21,8,31,4
Lotto Texas,2,23,2011,34,40,36,10,32,31
Lotto Texas,2,26,2011,13,22,5,29,14,9
Lotto Texas,3,2,2011,38,29,26,39,23,47
Lotto Texas,3,5,2011,38,11,23,33,13,19
Lotto Texas,3,9,2011,53,29,46,28,2,6
Lotto Texas,3,12,2011,25,6,16,50,54,36
Lotto Texas,3,16,2011,51,16,17,4,23,46
Lotto Texas,3,19,2011,36,15,32,29,24,51
Lotto Texas,3,23,2011,33,14,47,53,26,16
Lotto Texas,3,26,2011,30,28,52,33,29,10
Lotto Texas,3,30,2011,13,44,2,25,50,9
Lotto Texas,4,2,2011,2,39,19,43,8,54
Lotto Texas,4,6,2011,11,37,39,48,1,40
Lotto Texas,4,9,2011,38,54,32,33,42,39
Lotto Texas,4,13,2011,24,45,43,6,32,13
Lotto Texas,4,16,2011,45,30,6,47,43,54
Lotto Texas,4,20,2011,36,28,42,9,41,38
Lotto Texas,4,23,2011,50,41,46,13,54,44
Lotto Texas,4,27,2011,54,7,10,26,16,41
Lotto Texas,4,30,2011,1,35,49,9,36,51
Lotto Texas,5,4,2011,26,1,9,5,29,49
Lotto Texas,5,7,2011,47,43,53,28,39,12
Lotto Texas,5,11,2011,13,51,15,46,6,27
Lotto Texas,5,14,2011,30,23,19,7,15,2
Lotto Texas,5,18,2011,24,41,12,42,21,48
Lotto Texas,5,21,2011,36,16,46,51,31,28
Lotto Texas,5,25,2011,9,45,20,26,36,5
Lotto Texas,5,28,2011,17,4,6,12,54,21
Lotto Texas,6,1,2011,39,23,29,28,32,21
Lotto Texas,6,4,2011,27,28,3,6,42,38
Lotto Texas,6,8,2011,53,26,41,1,49,14
Lotto Texas,6,11,2011,5,26,13,22,34,40
Lotto Texas,6,15,2011,31,33,17,14,3,13
Lotto Texas,6,18,2011,29,35,37,40,22,50
Lotto Texas,6,22,2011,50,23,48,10,16,24
Lotto Texas,6,25,2011,13,3,20,15,5,37
Lotto Texas,6,29,2011,32,19,10,18,21,46
Lotto Texas,7,2,2011,39,17,18,48,30,53
Lotto Texas,7,6,2011,21,19,47,49,22,41
Lotto Texas,7,9,2011,24,42,48,22,46,30
Lotto Texas,7,13,2011,48,21,10,16,52,50
Lotto Texas,7,16,2011,50,35,43,1,14,8
Lotto Texas,7,20,2011,7,2,19,28,36,51
Lotto Texas,7,23,2011,6,12,35,25,2,47
Lotto Texas,7,27,2011,28,50,14,6,17,41
Lotto Texas,7,30,2011,20,1,37,38,3,30
Lotto Texas,8,3,2011,37,2,17,10,50,40
Lotto Texas,8,6,2011,35,2,53,48,41,29
Lotto Texas,8,10,2011,46,7,6,8,39,21
Lotto Texas,8,13,2011,15,38,17,48,54,4
Lotto Texas,8,17,2011,44,9,11,33,35,43
Lotto Texas,8,20,2011,51,38,27,48,25,54
Lotto Texas,8,24,2011,29,52,22,3,25,15
Lotto Texas,8,27,2011,25,14,46,12,36,26
Lotto Texas,8,31,2011,5,27,45,12,49,51
Lotto Texas,9,3,2011,47,50,25,16,37,28
Lotto Texas,9,7,2011,6,14,44,5,25,36
Lotto Texas,9,10,2011,15,18,5,9,42,34
Lotto Texas,9,14,2011,15,50,6,47,28,48
Lotto Texas,9,17,2011,30,5,46,3,12,19
Lotto Texas,9,21,2011,34,27,20,17,12,1
Lotto Texas,9,24,2011,45,3,11,19,17,53
Lotto Texas,9,28,2011,13,44,50,26,39,3
Lotto Texas,10,1,2011,19,31,29,24,25,39
Lotto Texas,10,5,2011,1,7,20,54,23,10
Lotto Texas,10,8,2011,13,44,37,19,26,17
Lotto Texas,10,12,2011,52,53,50,49,40,33
Lotto Texas,10,15,2011,51,22,52,45,24,34
Lotto Texas,10,19,2011,54,37,15,30,9,52
Lotto Texas,10,22,2011,28,45,20,41,19,1
Lotto Texas,10,26,2011,16,47,35,32,38,5
Lotto Texas,10,29,2011,47,54,28,12,22,35
Lotto Texas,11,2,2011,31,10,43,30,40,9
Lotto Texas,11,5,2011,6,32,40,16,54,51
Lotto Texas,11,9,2011,25,45,31,32,26,2
Lotto Texas,11,12,2011,29,27,16,7,30,17
Lotto Texas,11,16,2011,14,52,31,32,15,19
Lotto Texas,11,19,2011,29,30,9,20,39,36
Lotto Texas,11,23,2011,12,26,52,13,18,53
Lotto Texas,11,26,2011,42,19,36,6,13,24
Lotto Texas,11,30,2011,11,6,41,8,44,20
Lotto Texas,12,3,2011,1,2,13,34,40,23
Lotto Texas,12,7,2011,38,48,45,30,24,1
Lotto Texas,12,10,2011,18,5,19,14,4,16
Lotto Texas,12,14,2011,9,38,31,32,13,14
Lotto Texas,12,17,2011,12,45,43,52,26,48
Lotto Texas,12,21,2011,35,6,25,31,54,16
Lotto Texas,12,24,2011,36,49,29,24,42,30
Lotto Texas,12,28,2011,44,35,25,24,48,31
Lotto Texas,12,31,2011,22,25,45,17,4,38
Lotto Texas,1,4,2012,21,49,11,25,10,28
Lotto Texas,1,7,2012,38,22,40,17,47,50
Lotto Texas,1,11,2012,21,12,3,5,50,14
Lotto Texas,1,14,2012,20,7,45,46,54,3
Lotto Texas,1,18,2012,45,8,18,34,53,13
Lotto Texas,1,21,2012,12,10,36,16,48,5
Lotto Texas,1,25,2012,20,32,8,39,33,22
Lotto Texas,1,28,2012,34,7,1,21,28,35
Lotto Texas,2,1,2012,4,33,49,25,5,7
Lotto Texas,2,4,2012,24,15,52,3,47,21
Lotto Texas,2,8,2012,35,49,26,30,42,24
Lotto Texas,2,11,2012,26,53,10,41,40,13
Lotto Texas,2,15,2012,43,31,44,1,6,53
Lotto Texas,2,18,2012,39,13,9,53,3,47
Lotto Texas,2,22,2012,50,6,38,5,3,12
Lotto Texas,2,25,2012,6,10,20,13,3,1
Lotto Texas,2,29,2012,49,2,36,23,34,54
Lotto Texas,3,3,2012,4,15,40,22,8,30
Lotto Texas,3,7,2012,1,24,29,36,19,33
Lotto Texas,3,10,2012,47,37,44,15,28,9
Lotto Texas,3,14,2012,39,38,54,44,42,52
Lotto Texas,3,17,2012,48,39,23,42,18,43
Lotto Texas,3,21,2012,28,24,33,38,11,37
Lotto Texas,3,24,2012,10,38,28,1,49,18
Lotto Texas,3,28,2012,46,24,19,28,43,34
Lotto Texas,3,31,2012,6,1,24,31,11,50
Lotto Texas,4,4,2012,41,17,30,10,1,20
Lotto Texas,4,7,2012,16,17,46,4,41,36
Lotto Texas,4,11,2012,21,50,1,28,20,10
Lotto Texas,4,14,2012,9,20,16,4,47,13
Lotto Texas,4,18,2012,11,18,1,24,4,35
Lotto Texas,4,21,2012,23,33,31,46,24,45
Lotto Texas,4,25,2012,14,51,41,42,35,22
Lotto Texas,4,28,2012,53,27,11,36,1,29
Lotto Texas,5,2,2012,35,1,27,53,42,49
Lotto Texas,5,5,2012,1,33,42,6,26,14
Lotto Texas,5,9,2012,27,39,43,7,44,26
Lotto Texas,5,12,2012,46,49,36,45,13,38
Lotto Texas,5,16,2012,11,10,38,31,1,49
Lotto Texas,5,19,2012,1,10,19,16,6,36
Lotto Texas,5,23,2012,49,35,23,37,38,28
Lotto Texas,5,26,2012,37,34,25,38,5,12
Lotto Texas,5,30,2012,8,52,53,54,47,15
Lotto Texas,6,2,2012,27,32,2,11,3,24
Lotto Texas,6,6,2012,17,39,31,8,54,29
Lotto Texas,6,9,2012,23,48,51,30,8,33
Lotto Texas,6,13,2012,2,22,43,20,9,48
Lotto Texas,6,16,2012,5,1,10,35,17,33
Lotto Texas,6,20,2012,2,34,8,27,32,20
Lotto Texas,6,23,2012,30,38,8,16,45,12
Lotto Texas,6,27,2012,21,41,33,7,23,44
Lotto Texas,6,30,2012,41,48,27,18,44,4
Lotto Texas,7,4,2012,20,46,37,47,1,9
Lotto Texas,7,7,2012,40,19,42,53,14,32
Lotto Texas,7,11,2012,49,5,8,32,26,40
Lotto Texas,7,14,2012,46,6,9,14,48,33
Lotto Texas,7,18,2012,52,48,38,31,19,25
Lotto Texas,7,21,2012,10,1,46,4,49,40
Lotto Texas,7,25,2012,8,2,48,17,52,42
Lotto Texas,7,28,2012,43,40,46,51,25,26
Lotto Texas,8,1,2012,17,22,18,3,54,46
Lotto Texas,8,4,2012,49,5,32,24,48,16
Lotto Texas,8,8,2012,16,53,20,43,29,48
Lotto Texas,8,11,2012,15,32,39,49,40,7
Lotto Texas,8,15,2012,34,24,40,31,44,29
Lotto Texas,8,18,2012,32,8,19,41,22,37
Lotto Texas,8,22,2012,10,21,23,41,50,49
Lotto Texas,8,25,2012,52,18,45,2,34,7
Lotto Texas,8,29,2012,40,1,38,12,41,48
Lotto Texas,9,1,2012,47,33,15,54,37,11
Lotto Texas,9,5,2012,4,35,26,50,28,19
Lotto Texas,9,8,2012,20,43,27,12,30,5
Lotto Texas,9,12,2012,8,14,17,26,21,50
Lotto Texas,9,15,2012,54,2,12,49,17,18
Lotto Texas,9,19,2012,27,39,43,49,51,42
Lotto Texas,9,22,2012,36,13,23,53,24,19
Lotto Texas,9,26,2012,48,33,28,17,29,40
Lotto Texas,9,29,2012,15,20,42,26,14,16
Lotto Texas,10,3,2012,3,49,47,31,45,52
Lotto Texas,10,6,2012,12,15,20,29,51,24
Lotto Texas,10,10,2012,5,14,13,27,52,24
Lotto Texas,10,13,2012,20,14,48,24,33,32
Lotto Texas,10,17,2012,21,25,54,19,27,12
Lotto Texas,10,20,2012,4,16,1,27,11,22
Lotto Texas,10,24,2012,1,51,31,38,26,3
Lotto Texas,10,27,2012,34,21,1,11,40,36
Lotto Texas,10,31,2012,1,49,27,36,32,40
Lotto Texas,11,3,2012,15,18,39,43,16,14
Lotto Texas,11,7,2012,13,32,47,15,37,8
Lotto Texas,11,10,2012,47,29,40,34,7,8
Lotto Texas,11,14,2012,26,53,21,9,38,25
Lotto Texas,11,17,2012,19,1,42,5,27,16
Lotto Texas,11,21,2012,18,36,20,41,2,37
Lotto Texas,11,24,2012,53,24,6,1,44,23
Lotto Texas,11,28,2012,19,47,8,18,25,1
Lotto Texas,12,1,2012,21,22,8,2,11,41
Lotto Texas,12,5,2012,35,32,24,41,7,27
Lotto Texas,12,8,2012,12,15,16,38,40,53
Lotto Texas,12,12,2012,2,21,22,15,18,9
Lotto Texas,12,15,2012,54,14,17,45,9,38
Lotto Texas,12,19,2012,20,1,53,21,40,27
Lotto Texas,12,22,2012,29,21,46,22,49,32
Lotto Texas,12,26,2012,29,12,37,41,27,45
Lotto Texas,12,29,2012,27,16,48,15,21,44
Lotto Texas,1,2,2013,13,47,5,8,24,9
Lotto Texas,1,5,2013,51,34,38,2,9,43
Lotto Texas,1,9,2013,26,18,47,16,53,9
Lotto Texas,1,12,2013,26,32,1,12,34,54
Lotto Texas,1,16,2013,53,17,13,42,14,20
Lotto Texas,1,19,2013,12,5,47,32,38,22
Lotto Texas,1,23,2013,17,49,13,9,25,19
Lotto Texas,1,26,2013,5,13,2,42,24,22
Lotto Texas,1,30,2013,33,43,39,26,50,6
Lotto Texas,2,2,2013,12,30,14,50,41,37
Lotto Texas,2,6,2013,22,18,37,11,26,29
Lotto Texas,2,9,2013,30,31,14,6,52,1
Lotto Texas,2,13,2013,9,3,25,48,52,20
Lotto Texas,2,16,2013,51,52,9,44,25,39
Lotto Texas,2,20,2013,51,14,47,30,8,27
Lotto Texas,2,23,2013,15,53,39,11,44,8
Lotto Texas,2,27,2013,4,49,43,15,50,40
Lotto Texas,3,2,2013,25,49,52,51,18,1
Lotto Texas,3,6,2013,12,47,25,41,23,1
Lotto Texas,3,9,2013,54,47,11,50,45,3
Lotto Texas,3,13,2013,44,41,19,13,7,31
Lotto Texas,3,16,2013,35,38,2,8,29,22
Lotto Texas,3,20,2013,4,38,35,49,41,10
Lotto Texas,3,23,2013,19,41,36,10,28,9
Lotto Texas,3,27,2013,35,14,45,11,37,25
Lotto Texas,3,30,2013,24,29,39,26,38,10
Lotto Texas,4,3,2013,16,40,18,44,3,23
Lotto Texas,4,6,2013,7,36,5,43,16,49
Lotto Texas,4,10,2013,45,33,36,39,51,34
Lotto Texas,4,13,2013,13,18,14,38,26,4
Lotto Texas,4,17,2013,23,35,13,14,48,20
Lotto Texas,4,20,2013,25,49,35,31,36,18
Lotto Texas,4,24,2013,25,22,29,42,19,20
Lotto Texas,4,27,2013,46,21,23,26,14,42
Lotto Texas,5,1,2013,30,41,12,32,7,25
Lotto Texas,5,4,2013,38,15,6,35,5,39
Lotto Texas,5,8,2013,18,50,23,31,48,29
Lotto Texas,5,11,2013,41,50,2,37,31,23
Lotto Texas,5,15,2013,15,42,34,20,13,4
Lotto Texas,5,18,2013,13,24,11,10,33,17
Lotto Texas,5,22,2013,11,37,52,40,26,35
Lotto Texas,5,25,2013,51,41,17,20,38,29
Lotto Texas,5,29,2013,1,15,41,12,14,32
Lotto Texas,6,1,2013,24,22,25,46,27,21
Lotto Texas,6,5,2013,48,40,22,34,47,35
Lotto Texas,6,8,2013,46,14,49,29,44,28
Lotto Texas,6,12,2013,33,54,32,48,10,26
Lotto Texas,6,15,2013,5,50,43,2,22,1
Lotto Texas,6,19,2013,12,42,7,46,38,9
Lotto Texas,6,22,2013,24,16,54,17,44,30
Lotto Texas,6,26,2013,29,18,26,41,2,11
Lotto Texas,6,29,2013,1,42,45,35,3,9
Lotto Texas,7,3,2013,43,26,5,53,14,6
Lotto Texas,7,6,2013,30,25,23,12,21,26
Lotto Texas,7,10,2013,28,43,53,19,2,54
Lotto Texas,7,13,2013,4,35,10,24,12,37
Lotto Texas,7,17,2013,40,8,3,12,15,25
Lotto Texas,7,20,2013,44,29,40,32,10,54
Lotto Texas,7,24,2013,2,20,41,38,30,19
Lotto Texas,7,27,2013,46,23,44,42,7,33
Lotto Texas,7,31,2013,21,53,47,44,29,23
Lotto Texas,8,3,2013,31,37,53,33,25,43
Lotto Texas,8,7,2013,34,36,17,37,25,12
Lotto Texas,8,10,2013,23,18,24,39,41,42
Lotto Texas,8,14,2013,16,25,34,31,20,36
Lotto Texas,8,17,2013,36,27,39,18,7,33
Lotto Texas,8,21,2013,21,14,39,4,10,41
Lotto Texas,8,24,2013,24,16,18,5,42,26
Lotto Texas,8,28,2013,29,54,40,42,50,38
Lotto Texas,8,31,2013,52,8,18,5,27,14
Lotto Texas,9,4,2013,15,3,20,50,13,38
Lotto Texas,9,7,2013,42,53,24,7,13,36
Lotto Texas,9,11,2013,7,10,42,38,25,21
Lotto Texas,9,14,2013,7,35,8,52,22,37
Lotto Texas,9,18,2013,34,16,27,42,46,44
Lotto Texas,9,21,2013,8,31,3,21,7,36
Lotto Texas,9,25,2013,15,44,41,50,39,20
Lotto Texas,9,28,2013,2,9,13,46,31,23
Lotto Texas,10,2,2013,5,13,21,26,44,45
Lotto Texas,10,5,2013,10,34,5,32,31,44
Lotto Texas,10,9,2013,53,31,49,21,9,14
Lotto Texas,10,12,2013,27,7,47,35,49,13
Lotto Texas,10,16,2013,35,44,37,43,24,9
Lotto Texas,10,19,2013,53,1,43,15,35,7
Lotto Texas,10,23,2013,39,13,18,12,46,37
Lotto Texas,10,26,2013,45,35,33,31,54,29
Lotto Texas,10,30,2013,29,3,32,8,19,11
Lotto Texas,11,2,2013,33,34,43,18,25,30
Lotto Texas,11,6,2013,49,46,5,4,53,7
Lotto Texas,11,9,2013,15,31,26,51,54,7
Lotto Texas,11,13,2013,44,25,50,29,17,49
Lotto Texas,11,16,2013,35,1,13,43,19,23
Lotto Texas,11,20,2013,54,46,9,34,15,44
Lotto Texas,11,23,2013,41,34,30,54,22,19
Lotto Texas,11,27,2013,54,6,42,21,47,51
Lotto Texas,11,30,2013,18,41,34,11,43,19
Lotto Texas,12,4,2013,24,12,22,21,5,30
Lotto Texas,12,7,2013,26,50,22,4,54,37
Lotto Texas,12,11,2013,34,8,5,16,32,37
Lotto Texas,12,14,2013,53,27,37,39,30,45
Lotto Texas,12,18,2013,4,11,9,31,33,28
Lotto Texas,12,21,2013,26,14,8,34,1,22
Lotto Texas,12,25,2013,26,40,31,50,46,25
Lotto Texas,12,28,2013,11,22,24,39,8,49
Lotto Texas,1,1,2014,47,17,50,45,15,43
Lotto Texas,1,4,2014,14,35,38,37,27,21
Lotto Texas,1,8,2014,25,30,26,8,39,19
Lotto Texas,1,11,2014,20,23,40,41,30,12
Lotto Texas,1,15,2014,28,35,23,47,25,36
Lotto Texas,1,18,2014,18,45,36,16,46,32
Lotto Texas,1,22,2014,34,10,4,41,13,25
Lotto Texas,1,25,2014,27,44,4,36,48,25
Lotto Texas,1,29,2014,19,8,49,48,51,43
Lotto Texas,2,1,2014,51,36,10,27,6,14
Lotto Texas,2,5,2014,23,49,25,16,29,54
Lotto Texas,2,8,2014,17,42,51,7,26,16
Lotto Texas,2,12,2014,36,31,49,13,16,43
Lotto Texas,2,15,2014,1,18,54,11,32,14
Lotto Texas,2,19,2014,34,28,22,7,15,27
Lotto Texas,2,22,2014,5,31,24,7,8,13
Lotto Texas,2,26,2014,18,53,22,49,8,30
Lotto Texas,3,1,2014,41,18,49,50,33,47
Lotto Texas,3,5,2014,7,52,18,42,24,51
Lotto Texas,3,8,2014,18,35,25,50,47,49
Lotto Texas,3,12,2014,31,37,46,41,45,24
Lotto Texas,3,15,2014,4,23,18,37,39,33
Lotto Texas,3,19,2014,20,7,22,10,33,37
Lotto Texas,3,22,2014,51,32,25,46,29,27
Lotto Texas,3,26,2014,13,27,52,15,18,31
Lotto Texas,3,29,2014,4,16,13,30,29,19
Lotto Texas,4,2,2014,53,27,32,4,37,40
Lotto Texas,4,5,2014,15,52,24,26,37,49
Lotto Texas,4,9,2014,22,1,23,54,9,3
Lotto Texas,4,12,2014,46,21,31,9,14,48
Lotto Texas,4,16,2014,3,17,29,41,7,15
Lotto Texas,4,19,2014,48,49,24,6,2,15
Lotto Texas,4,23,2014,45,18,49,35,22,15
Lotto Texas,4,26,2014,34,4,31,11,35,52
Lotto Texas,4,30,2014,38,11,8,6,1,43
Lotto Texas,5,3,2014,23,41,8,22,54,16
Lotto Texas,5,7,2014,13,4,1,54,38,30
Lotto Texas,5,10,2014,39,22,16,12,41,24
Lotto Texas,5,14,2014,52,41,26,49,2,54
Lotto Texas,5,17,2014,22,48,28,54,21,40
Lotto Texas,5,21,2014,38,44,15,24,53,23
Lotto Texas,5,24,2014,22,17,20,2,15,45
Lotto Texas,5,28,2014,41,36,53,10,26,54
Lotto Texas,5,31,2014,3,37,36,5,32,9
Lotto Texas,6,4,2014,44,7,26,12,50,3
Lotto Texas,6,7,2014,5,50,27,52,39,43
Lotto Texas,6,11,2014,23,28,54,51,1,46
Lotto Texas,6,14,2014,37,42,2,17,27,18
Lotto Texas,6,18,2014,10,35,18,7,2,50
Lotto Texas,6,21,2014,24,54,2,53,21,10
Lotto Texas,6,25,2014,6,5,27,33,2,32
Lotto Texas,6,28,2014,9,24,6,42,51,26
Lotto Texas,7,2,2014,35,32,18,45,43,26
Lotto Texas,7,5,2014,47,41,30,35,2,25
Lotto Texas,7,9,2014,12,10,25,14,17,47
Lotto Texas,7,12,2014,50,49,25,3,28,31
Lotto Texas,7,16,2014,34,32,43,25,6,29
Lotto Texas,7,19,2014,8,35,45,29,43,17
Lotto Texas,7,23,2014,51,10,4,16,5,25
Lotto Texas,7,26,2014,48,53,3,54,16,9
Lotto Texas,7,30,2014,40,10,26,50,41,49
Lotto Texas,8,2,2014,26,31,7,43,35,9
Lotto Texas,8,6,2014,45,53,18,52,36,12
Lotto Texas,8,9,2014,16,29,9,20,34,43
Lotto Texas,8,13,2014,24,4,5,13,44,17
Lotto Texas,8,16,2014,4,1,2,42,27,40
Lotto Texas,8,20,2014,4,34,49,22,50,20
Lotto Texas,8,23,2014,13,1,52,49,32,16
Lotto Texas,8,27,2014,11,21,38,37,27,28
Lotto Texas,8,30,2014,21,40,49,42,53,15
Lotto Texas,9,3,2014,32,10,54,42,47,34
Lotto Texas,9,6,2014,17,32,18,52,38,28
Lotto Texas,9,10,2014,21,14,5,8,29,7
Lotto Texas,9,13,2014,31,36,9,2,24,26
Lotto Texas,9,17,2014,14,5,32,30,38,26
Lotto Texas,9,20,2014,54,29,24,42,48,49
Lotto Texas,9,24,2014,44,10,42,51,16,33
Lotto Texas,9,27,2014,41,2,27,34,46,23
Lotto Texas,10,1,2014,4,9,20,12,25,40
Lotto Texas,10,4,2014,15,46,54,45,19,44
Lotto Texas,10,8,2014,12,28,32,19,27,13
Lotto Texas,10,11,2014,20,50,31,15,45,29
Lotto Texas,10,15,2014,35,32,52,8,21,45
Lotto Texas,10,18,2014,1,30,12,38,8,23
Lotto Texas,10,22,2014,46,3,6,42,49,15
Lotto Texas,10,25,2014,54,3,48,29,52,26
Lotto Texas,10,29,2014,21,27,44,19,33,51
Lotto Texas,11,1,2014,40,18,29,30,33,49
Lotto Texas,11,5,2014,45,38,26,34,1,49
Lotto Texas,11,8,2014,45,47,2,54,32,5
Lotto Texas,11,12,2014,48,9,24,39,42,27
Lotto Texas,11,15,2014,34,14,51,8,28,12
Lotto Texas,11,19,2014,25,52,29,24,22,41
Lotto Texas,11,22,2014,22,53,41,14,52,17
Lotto Texas,11,26,2014,36,35,21,14,48,31
Lotto Texas,11,29,2014,4,9,3,23,34,22
Lotto Texas,12,3,2014,8,11,6,42,34,12
Lotto Texas,12,6,2014,32,14,38,39,34,45
Lotto Texas,12,10,2014,39,21,28,35,13,38
Lotto Texas,12,13,2014,29,25,44,31,1,40
Lotto Texas,12,17,2014,34,33,17,8,16,10
Lotto Texas,12,20,2014,53,27,7,1,47,52
Lotto Texas,12,24,2014,54,23,52,4,2,21
Lotto Texas,12,27,2014,32,44,31,51,39,42
Lotto Texas,12,31,2014,3,44,14,50,43,6
Lotto Texas,1,3,2015,27,22,29,30,7,19
Lotto Texas,1,7,2015,53,52,7,32,42,31
Lotto Texas,1,10,2015,22,4,7,50,12,42
Lotto Texas,1,14,2015,43,6,23,19,2,37
Lotto Texas,1,17,2015,12,9,54,31,22,2
Lotto Texas,1,21,2015,2,31,26,11,3,49
Lotto Texas,1,24,2015,40,13,27,3,28,8
Lotto Texas,1,28,2015,28,53,3,15,43,31
Lotto Texas,1,31,2015,6,21,34,4,39,41
Lotto Texas,2,4,2015,7,21,23,43,12,53
Lotto Texas,2,7,2015,10,48,4,20,21,13
Lotto Texas,2,11,2015,13,29,19,8,7,44
Lotto Texas,2,14,2015,35,6,21,20,30,33
Lotto Texas,2,18,2015,21,38,41,9,39,17
Lotto Texas,2,21,2015,22,14,13,9,3,35
Lotto Texas,2,25,2015,22,26,54,23,44,4
Lotto Texas,2,28,2015,35,36,24,13,15,18
Lotto Texas,3,4,2015,49,44,36,53,16,41
Lotto Texas,3,7,2015,1,15,39,27,38,50
Lotto Texas,3,11,2015,53,14,54,47,48,49
Lotto Texas,3,14,2015,34,49,44,10,31,33
Lotto Texas,3,18,2015,12,38,28,35,49,30
Lotto Texas,3,21,2015,3,50,47,40,21,24
Lotto Texas,3,25,2015,6,8,15,25,11,1
Lotto Texas,3,28,2015,5,23,50,43,40,27
Lotto Texas,4,1,2015,13,45,42,35,21,19
Lotto Texas,4,4,2015,42,38,4,15,11,21
Lotto Texas,4,8,2015,10,50,21,24,51,4
Lotto Texas,4,11,2015,23,38,25,11,33,3
Lotto Texas,4,15,2015,50,20,8,7,14,27
Lotto Texas,4,18,2015,37,50,2,28,39,10
Lotto Texas,4,22,2015,6,54,19,9,28,43
Lotto Texas,4,25,2015,12,4,14,52,40,25
Lotto Texas,4,29,2015,8,53,45,42,47,25
Lotto Texas,5,2,2015,39,54,23,7,27,34
Lotto Texas,5,6,2015,8,48,10,29,41,2
Lotto Texas,5,9,2015,15,4,10,49,7,27
Lotto Texas,5,13,2015,31,22,15,43,2,47
Lotto Texas,5,16,2015,3,53,43,46,28,41
Lotto Texas,5,20,2015,28,24,2,15,33,14
Lotto Texas,5,23,2015,9,21,37,28,42,36
Lotto Texas,5,27,2015,19,30,2,17,21,34
Lotto Texas,5,30,2015,16,1,32,31,5,7
Lotto Texas,6,3,2015,50,43,7,27,8,38
Lotto Texas,6,6,2015,53,20,11,8,44,16
Lotto Texas,6,10,2015,38,46,5,13,1,23
Lotto Texas,6,13,2015,38,13,9,4,18,17
Lotto Texas,6,17,2015,17,52,3,18,16,29
Lotto Texas,6,20,2015,22,23,5,4,12,19
Lotto Texas,6,24,2015,21,44,8,41,23,1
Lotto Texas,6,27,2015,33,47,43,31,15,6
Lotto Texas,7,1,2015,4,35,15,8,24,31
Lotto Texas,7,4,2015,5,18,12,37,16,42
Lotto Texas,7,8,2015,39,36,38,1,51,4
Lotto Texas,7,11,2015,37,11,36,29,26,47
Lotto Texas,7,15,2015,19,28,6,5,12,37
Lotto Texas,7,18,2015,37,4,3,52,42,23
Lotto Texas,7,22,2015,45,6,9,54,46,17
Lotto Texas,7,25,2015,12,21,16,4,34,10
Lotto Texas,7,29,2015,19,21,54,30,29,23
Lotto Texas,8,1,2015,8,25,21,17,18,51
Lotto Texas,8,5,2015,11,51,31,3,20,41
Lotto Texas,8,8,2015,33,49,42,8,21,37
Lotto Texas,8,12,2015,6,47,40,34,26,8
Lotto Texas,8,15,2015,52,32,19,26,15,3
Lotto Texas,8,19,2015,14,10,4,25,29,52
Lotto Texas,8,22,2015,51,32,7,1,46,13
Lotto Texas,8,26,2015,27,24,25,48,37,52
Lotto Texas,8,29,2015,26,18,12,40,17,54
Lotto Texas,9,2,2015,38,49,20,8,51,12
Lotto Texas,9,5,2015,27,50,11,16,35,54
Lotto Texas,9,9,2015,27,50,44,29,40,51
Lotto Texas,9,12,2015,29,42,35,26,37,16
Lotto Texas,9,16,2015,5,13,53,21,12,14
Lotto Texas,9,19,2015,3,51,45,7,2,53
Lotto Texas,9,23,2015,51,43,6,16,22,1
Lotto Texas,9,26,2015,13,40,11,39,5,35
Lotto Texas,9,30,2015,37,52,49,47,48,18
Lotto Texas,10,3,2015,18,2,39,6,40,48
Lotto Texas,10,7,2015,1,32,45,37,7,38
Lotto Texas,10,10,2015,14,36,2,6,50,26
Lotto Texas,10,14,2015,37,49,36,52,16,45
Lotto Texas,10,17,2015,2,14,9,35,22,36
Lotto Texas,10,21,2015,48,12,7,14,41,21
Lotto Texas,10,24,2015,11,9,37,44,25,17
Lotto Texas,10,28,2015,45,25,4,33,49,48
Lotto Texas,10,31,2015,35,6,8,30,47,42
Lotto Texas,11,4,2015,1,29,14,46,38,26
Lotto Texas,11,7,2015,9,12,18,31,34,51
Lotto Texas,11,11,2015,39,35,38,41,22,34
Lotto Texas,11,14,2015,37,54,31,6,26,15
Lotto Texas,11,18,2015,47,14,37,27,44,15
Lotto Texas,11,21,2015,53,44,7,54,11,18
Lotto Texas,11,25,2015,22,32,26,45,43,31
Lotto Texas,11,28,2015,43,34,24,49,9,17
Lotto Texas,12,2,2015,45,27,5,36,6,4
Lotto Texas,12,5,2015,43,34,21,41,44,26
Lotto Texas,12,9,2015,10,26,31,45,37,28
Lotto Texas,12,12,2015,35,6,34,41,22,48
Lotto Texas,12,16,2015,29,54,20,22,23,39
Lotto Texas,12,19,2015,16,4,17,11,27,34
Lotto Texas,12,23,2015,35,5,42,37,1,14
Lotto Texas,12,26,2015,6,27,39,44,21,22
Lotto Texas,12,30,2015,10,7,42,40,22,12
Lotto Texas,1,2,2016,9,15,40,18,50,43
Lotto Texas,1,6,2016,46,39,8,52,44,16
Lotto Texas,1,9,2016,28,50,44,54,33,42
Lotto Texas,1,13,2016,41,3,26,15,8,14
Lotto Texas,1,16,2016,38,37,29,30,28,20
Lotto Texas,1,20,2016,20,46,15,41,38,7
Lotto Texas,1,23,2016,9,41,51,19,28,45
Lotto Texas,1,27,2016,51,34,11,10,36,3
Lotto Texas,1,30,2016,30,48,44,37,40,35
Lotto Texas,2,3,2016,26,21,27,49,7,15
Lotto Texas,2,6,2016,33,7,1,42,35,4
Lotto Texas,2,10,2016,21,8,4,50,20,53
Lotto Texas,2,13,2016,25,8,26,32,37,51
Lotto Texas,2,17,2016,19,37,15,32,14,42
Lotto Texas,2,20,2016,54,7,35,3,52,49
Lotto Texas,2,24,2016,4,28,35,1,34,39
Lotto Texas,2,27,2016,50,16,45,38,43,21
Lotto Texas,3,2,2016,41,27,51,37,20,35
Lotto Texas,3,5,2016,32,9,23,37,10,5
Lotto Texas,3,9,2016,15,48,45,41,40,18
Lotto Texas,3,12,2016,47,4,44,21,24,37
Lotto Texas,3,16,2016,39,2,6,53,22,9
Lotto Texas,3,19,2016,18,8,32,15,51,44
Lotto Texas,3,23,2016,34,3,36,24,21,30
Lotto Texas,3,26,2016,3,25,39,54,32,30
Lotto Texas,3,30,2016,39,5,16,14,17,46
Lotto Texas,4,2,2016,6,29,13,33,19,31
Lotto Texas,4,6,2016,41,54,16,6,48,43
Lotto Texas,4,9,2016,40,8,15,21,28,25
Lotto Texas,4,13,2016,21,14,26,16,48,8
Lotto Texas,4,16,2016,50,6,41,32,21,37
Lotto Texas,4,20,2016,13,52,41,26,27,22
Lotto Texas,4,23,2016,17,3,24,48,53,49
Lotto Texas,4,27,2016,31,28,41,45,8,25
Lotto Texas,4,30,2016,37,7,53,25,18,36
Lotto Texas,5,4,2016,44,16,12,25,35,21
Lotto Texas,5,7,2016,44,28,11,26,45,21
Lotto Texas,5,11,2016,52,47,1,7,21,20
Lotto Texas,5,14,2016,11,32,38,52,29,2
Lotto Texas,5,18,2016,53,48,26,47,40,20
Lotto Texas,5,21,2016,50,46,37,43,15,10
Lotto Texas,5,25,2016,46,33,53,32,50,54
Lotto Texas,5,28,2016,1,45,37,10,43,7
Lotto Texas,6,1,2016,49,6,9,28,4,8
Lotto Texas,6,4,2016,32,24,25,7,29,46
Lotto Texas,6,8,2016,39,35,36,22,13,2
Lotto Texas,6,11,2016,25,10,36,41,39,5
Lotto Texas,6,15,2016,24,5,16,35,23,52
Lotto Texas,6,18,2016,25,19,51,28,2,30
Lotto Texas,6,22,2016,4,49,14,5,32,37
Lotto Texas,6,25,2016,46,8,42,15,17,40
Lotto Texas,6,29,2016,53,22,3,40,44,7
Lotto Texas,7,2,2016,22,37,26,1,8,12
Lotto Texas,7,6,2016,44,2,41,3,17,35
Lotto Texas,7,9,2016,39,19,49,6,22,28
Lotto Texas,7,13,2016,16,46,7,27,34,3
Lotto Texas,7,16,2016,13,54,17,6,16,44
Lotto Texas,7,20,2016,12,20,38,21,18,19
Lotto Texas,7,23,2016,30,12,8,25,19,26
Lotto Texas,7,27,2016,49,27,37,40,54,38
Lotto Texas,7,30,2016,8,1,13,17,14,15
Lotto Texas,8,3,2016,28,26,35,17,24,18
Lotto Texas,8,6,2016,9,18,40,19,45,41
Lotto Texas,8,10,2016,17,38,54,51,2,1
Lotto Texas,8,13,2016,9,12,25,38,11,37
Lotto Texas,8,17,2016,23,14,21,53,5,41
Lotto Texas,8,20,2016,41,51,9,10,17,12
Lotto Texas,8,24,2016,31,27,51,5,48,19
Lotto Texas,8,27,2016,30,42,45,49,5,37
Lotto Texas,8,31,2016,14,46,38,2,31,52
Lotto Texas,9,3,2016,46,47,49,19,15,11
Lotto Texas,9,7,2016,40,28,9,12,26,33
Lotto Texas,9,10,2016,27,30,12,25,29,2
Lotto Texas,9,14,2016,37,54,15,38,6,51
Lotto Texas,9,17,2016,24,33,48,32,51,34
Lotto Texas,9,21,2016,38,45,46,8,29,24
Lotto Texas,9,24,2016,50,37,44,5,39,26
Lotto Texas,9,28,2016,21,32,48,31,29,36
Lotto Texas,10,1,2016,53,16,17,10,22,20
Lotto Texas,10,5,2016,42,11,4,9,27,40
Lotto Texas,10,8,2016,7,44,54,15,53,52
Lotto Texas,10,12,2016,14,39,47,52,38,33
Lotto Texas,10,15,2016,12,47,24,15,7,2
Lotto Texas,10,19,2016,31,51,22,16,38,43
Lotto Texas,10,22,2016,30,5,14,25,26,2
Lotto Texas,10,26,2016,39,32,5,37,21,24
Lotto Texas,10,29,2016,20,28,42,41,11,18
Lotto Texas,11,2,2016,4,29,31,3,50,33
Lotto Texas,11,5,2016,4,27,49,30,47,38
Lotto Texas,11,9,2016,42,51,2,52,9,18
Lotto Texas,11,12,2016,23,1,40,8,29,16
Lotto Texas,11,16,2016,4,51,37,43,7,5
Lotto Texas,11,19,2016,40,34,15,21,19,49
Lotto Texas,11,23,2016,12,21,29,41,16,20
Lotto Texas,11,26,2016,22,25,3,42,32,2
Lotto Texas,11,30,2016,22,45,26,49,36,47
Lotto Texas,12,3,2016,15,51,47,31,52,24
Lotto Texas,12,7,2016,5,29,53,4,40,34
Lotto Texas,12,10,2016,46,9,37,26,1,14
Lotto Texas,12,14,2016,38,35,39,29,53,49
Lotto Texas,12,17,2016,44,16,51,49,45,42
Lotto Texas,12,21,2016,7,22,16,24,28,54
Lotto Texas,12,24,2016,5,8,13,42,15,39
Lotto Texas,12,28,2016,11,43,12,36,47,10
Lotto Texas,12,31,2016,5,11,39,33,2,51
Lotto Texas,1,4,2017,40,5,36,7,44,39
Lotto Texas,1,7,2017,2,14,27,18,5,26
Lotto Texas,1,11,2017,16,19,13,43,4,51
Lotto Texas,1,14,2017,10,47,48,18,7,8
Lotto Texas,1,18,2017,17,6,11,49,40,37
Lotto Texas,1,21,2017,2,41,39,13,17,46
Lotto Texas,1,25,2017,14,46,1,32,37,19
Lotto Texas,1,28,2017,30,52,51,48,7,5
Lotto Texas,2,1,2017,54,29,37,26,19,12
Lotto Texas,2,4,2017,25,13,29,19,26,8
Lotto Texas,2,8,2017,51,15,10,47,49,52
Lotto Texas,2,11,2017,24,41,25,53,26,29
Lotto Texas,2,15,2017,43,53,4,5,54,1
Lotto Texas,2,18,2017,14,21,44,11,5,38
Lotto Texas,2,22,2017,8,4,27,53,52,21
Lotto Texas,2,25,2017,54,42,46,37,16,49
Lotto Texas,3,1,2017,51,33,34,24,3,45
Lotto Texas,3,4,2017,17,2,48,5,50,4
Lotto Texas,3,8,2017,19,33,47,24,34,15
Lotto Texas,3,11,2017,29,6,24,37,5,28
Lotto Texas,3,15,2017,11,32,4,19,46,27
Lotto Texas,3,18,2017,23,15,43,38,12,16
Lotto Texas,3,22,2017,52,36,3,5,15,27
Lotto Texas,3,25,2017,48,30,36,25,21,27
Lotto Texas,3,29,2017,18,7,43,23,9,11
Lotto Texas,4,1,2017,33,28,52,21,3,38
Lotto Texas,4,5,2017,8,51,26,52,21,20
Lotto Texas,4,8,2017,52,10,12,47,48,11
Lotto Texas,4,12,2017,31,30,5,46,26,54
Lotto Texas,4,15,2017,2,53,40,42,36,11
Lotto Texas,4,19,2017,32,3,22,13,23,4
Lotto Texas,4,22,2017,31,37,20,50,19,13
Lotto Texas,4,26,2017,9,40,53,45,25,30
Lotto Texas,4,29,2017,5,53,41,35,25,2
Lotto Texas,5,3,2017,52,4,42,53,13,46
Lotto Texas,5,6,2017,25,48,46,38,44,14
Lotto Texas,5,10,2017,27,21,38,31,46,23
Lotto Texas,5,13,2017,12,24,25,17,28,27
Lotto Texas,5,17,2017,31,37,29,17,51,16
Lotto Texas,5,20,2017,8,9,15,20,39,38
Lotto Texas,5,24,2017,48,54,13,17,11,51
Lotto Texas,5,27,2017,50,25,34,1,16,53
Lotto Texas,5,31,2017,53,40,11,47,33,26
Lotto Texas,6,3,2017,23,17,54,9,53,1
Lotto Texas,6,7,2017,26,43,37,25,33,16
Lotto Texas,6,10,2017,18,53,42,2,21,16
Lotto Texas,6,14,2017,39,37,20,44,11,49
Lotto Texas,6,17,2017,3,4,6,34,54,23
Lotto Texas,6,21,2017,36,25,10,16,31,24
Lotto Texas,6,24,2017,53,24,41,27,1,49
Lotto Texas,6,28,2017,45,41,27,48,17,24
Lotto Texas,7,1,2017,52,8,29,36,47,30
Lotto Texas,7,5,2017,51,24,4,8,47,32
Lotto Texas,7,8,2017,38,43,8,33,53,51
Lotto Texas,7,12,2017,24,44,4,50,32,19
Lotto Texas,7,15,2017,10,52,13,22,36,50
Lotto Texas,7,19,2017,3,1,11,16,15,50
Lotto Texas,7,22,2017,49,22,41,24,17,44
Lotto Texas,7,26,2017,16,17,12,43,33,38
Lotto Texas,7,29,2017,15,38,37,24,22,20
Lotto Texas,8,2,2017,6,10,33,4,44,41
Lotto Texas,8,5,2017,36,26,27,7,29,35
Lotto Texas,8,9,2017,35,44,7,24,27,1
Lotto Texas,8,12,2017,24,8,46,25,5,16
Lotto Texas,8,16,2017,15,19,11,26,14,18
Lotto Texas,8,19,2017,17,27,53,20,38,43
Lotto Texas,8,23,2017,9,34,39,38,6,46
Lotto Texas,8,26,2017,43,7,11,49,33,41
Lotto Texas,8,30,2017,16,44,17,11,52,54
Lotto Texas,9,2,2017,38,14,15,2,10,31
Lotto Texas,9,6,2017,32,8,10,40,16,48
Lotto Texas,9,9,2017,32,26,9,42,51,34
Lotto Texas,9,13,2017,42,35,40,24,45,48
Lotto Texas,9,16,2017,36,41,9,18,4,40
Lotto Texas,9,20,2017,19,12,13,7,37,15
Lotto Texas,9,23,2017,28,10,14,29,8,17
Lotto Texas,9,27,2017,32,42,6,2,49,26
Lotto Texas,9,30,2017,36,45,19,8,1,29
Lotto Texas,10,4,2017,17,44,29,20,30,13
Lotto Texas,10,7,2017,28,42,31,2,32,12
Lotto Texas,10,11,2017,6,38,3,19,4,11
Lotto Texas,10,14,2017,23,15,17,53,24,44
Lotto Texas,10,18,2017,50,7,47,25,32,18
Lotto Texas,10,21,2017,46,54,18,53,29,2
Lotto Texas,10,25,2017,24,19,18,52,51,32
Lotto Texas,10,28,2017,37,13,38,7,50,3
Lotto Texas,11,1,2017,35,47,44,29,18,6
Lotto Texas,11,4,2017,33,13,21,4,5,53
Lotto Texas,11,8,2017,47,40,11,4,24,2
Lotto Texas,11,11,2017,22,21,19,36,16,53
Lotto Texas,11,15,2017,5,18,37,32,8,2
Lotto Texas,11,18,2017,5,4,1,8,26,12
Lotto Texas,11,22,2017,22,24,7,34,50,33
Lotto Texas,11,25,2017,10,12,44,51,7,22
Lotto Texas,11,29,2017,45,33,30,6,12,51
Lotto Texas,12,2,2017,38,17,47,12,31,15
Lotto Texas,12,6,2017,35,25,48,51,42,1
Lotto Texas,12,9,2017,10,5,4,40,21,34
Lotto Texas,12,13,2017,12,19,39,47,34,14
Lotto Texas,12,16,2017,5,16,26,10,46,22
Lotto Texas,12,20,2017,11,45,6,30,10,22
Lotto Texas,12,23,2017,34,29,36,22,23,8
Lotto Texas,12,27,2017,53,2,48,15,38,4
Lotto Texas,12,30,2017,27,14,45,9,51,16
Lotto Texas,1,3,2018,33,34,6,8,21,47
Lotto Texas,1,6,2018,38,44,11,10,30,32
Lotto Texas,1,10,2018,15,5,17,4,28,54
Lotto Texas,1,13,2018,19,49,37,34,40,18
Lotto Texas,1,17,2018,46,33,16,40,9,19
Lotto Texas,1,20,2018,12,54,25,24,47,8
Lotto Texas,1,24,2018,53,16,8,43,34,45
Lotto Texas,1,27,2018,20,6,12,23,17,9
Lotto Texas,1,31,2018,17,40,34,31,12,1
Lotto Texas,2,3,2018,24,38,50,3,12,29
Lotto Texas,2,7,2018,4,50,35,15,44,40
Lotto Texas,2,10,2018,34,2,3,39,22,15
Lotto Texas,2,14,2018,8,22,29,52,50,19
Lotto Texas,2,17,2018,10,11,22,26,13,46
Lotto Texas,2,21,2018,17,44,9,15,35,39
Lotto Texas,2,24,2018,5,35,9,51,32,54
Lotto Texas,2,28,2018,39,52,45,1,18,5
Lotto Texas,3,3,2018,5,14,52,42,32,23
Lotto Texas,3,7,2018,32,9,41,16,25,44
Lotto Texas,3,10,2018,27,46,32,36,15,5
Lotto Texas,3,14,2018,16,11,31,50,15,30
Lotto Texas,3,17,2018,49,48,4,38,25,26
Lotto Texas,3,21,2018,39,19,51,9,37,6
Lotto Texas,3,24,2018,4,39,34,38,6,16
Lotto Texas,3,28,2018,13,27,3,38,15,22
Lotto Texas,3,31,2018,51,44,16,8,26,27
Lotto Texas,4,4,2018,3,40,11,51,12,34
Lotto Texas,4,7,2018,15,31,28,33,18,51
Lotto Texas,4,11,2018,49,53,16,24,4,35
Lotto Texas,4,14,2018,1,36,2,35,5,29
Lotto Texas,4,18,2018,10,45,27,32,14,49
Lotto Texas,4,21,2018,53,49,28,20,24,17
Lotto Texas,4,25,2018,2,31,43,5,26,12
Lotto Texas,4,28,2018,13,12,30,33,7,38
Lotto Texas,5,2,2018,1,16,27,2,38,36
Lotto Texas,5,5,2018,19,27,15,42,51,24
Lotto Texas,5,9,2018,51,17,34,9,30,39
Lotto Texas,5,12,2018,51,11,4,28,54,19
Lotto Texas,5,16,2018,20,41,24,27,37,39
Lotto Texas,5,19,2018,12,22,1,46,39,31
Lotto Texas,5,23,2018,29,27,15,36,5,16
Lotto Texas,5,26,2018,18,3,44,35,14,43
Lotto Texas,5,30,2018,42,44,14,9,34,8
Lotto Texas,6,2,2018,26,54,34,43,40,6
Lotto Texas,6,6,2018,5,36,4,13,23,52
Lotto Texas,6,9,2018,18,14,21,10,24,17
Lotto Texas,6,13,2018,11,6,5,26,53,32
Lotto Texas,6,16,2018,17,49,45,42,50,41
Lotto Texas,6,20,2018,45,19,6,21,20,4
Lotto Texas,6,23,2018,3,8,54,5,24,19
Lotto Texas,6,27,2018,8,17,26,47,20,12
Lotto Texas,6,30,2018,48,32,8,40,5,29
Lotto Texas,7,4,2018,10,51,31,1,11,2
Lotto Texas,7,7,2018,22,7,10,6,52,26
Lotto Texas,7,11,2018,46,28,17,20,26,31
Lotto Texas,7,14,2018,4,36,31,44,21,1
Lotto Texas,7,18,2018,54,34,10,43,2,18
Lotto Texas,7,21,2018,45,14,4,15,6,9
Lotto Texas,7,25,2018,49,51,5,34,10,30
Lotto Texas,7,28,2018,49,19,44,7,15,11
Lotto Texas,8,1,2018,35,42,12,15,7,49
Lotto Texas,8,4,2018,33,54,11,48,4,9
Lotto Texas,8,8,2018,12,16,54,46,28,29
Lotto Texas,8,11,2018,51,3,9,25,30,13
Lotto Texas,8,15,2018,38,12,22,39,43,44
Lotto Texas,8,18,2018,52,48,29,23,26,25
Lotto Texas,8,22,2018,38,11,37,51,53,25
Lotto Texas,8,25,2018,36,23,48,32,3,10
Lotto Texas,8,29,2018,4,22,11,31,23,44
Lotto Texas,9,1,2018,50,23,32,27,12,44
Lotto Texas,9,5,2018,28,46,50,6,34,29
Lotto Texas,9,8,2018,47,48,43,33,14,21
Lotto Texas,9,12,2018,44,20,3,12,1,36
Lotto Texas,9,15,2018,21,24,52,46,2,41
Lotto Texas,9,19,2018,45,34,28,5,24,37
Lotto Texas,9,22,2018,50,27,53,35,4,7
Lotto Texas,9,26,2018,49,6,48,18,30,13
Lotto Texas,9,29,2018,26,34,4,11,43,38
Lotto Texas,10,3,2018,12,32,14,34,28,52
Lotto Texas,10,6,2018,45,54,28,41,52,34
Lotto Texas,10,10,2018,22,27,32,10,51,47
Lotto Texas,10,13,2018,51,47,42,30,19,14
Lotto Texas,10,17,2018,46,31,18,19,23,47
Lotto Texas,10,20,2018,53,39,27,31,44,4
Lotto Texas,10,24,2018,37,43,32,15,50,54
Lotto Texas,10,27,2018,11,32,54,31,5,29
Lotto Texas,10,31,2018,25,8,13,44,33,3
Lotto Texas,11,3,2018,18,46,42,8,41,20
Lotto Texas,11,7,2018,31,52,12,6,43,9
Lotto Texas,11,10,2018,38,40,37,19,54,16
Lotto Texas,11,14,2018,49,48,22,46,21,36
Lotto Texas,11,17,2018,5,10,8,2,36,31
Lotto Texas,11,21,2018,24,43,45,39,53,17
Lotto Texas,11,24,2018,52,25,22,33,17,45
Lotto Texas,11,28,2018,4,2,20,30,37,1
Lotto Texas,12,1,2018,47,33,41,31,1,54
Lotto Texas,12,5,2018,10,30,45,8,16,13
Lotto Texas,12,8,2018,6,38,21,23,25,4
Lotto Texas,12,12,2018,30,34,41,18,12,42
Lotto Texas,12,15,2018,27,12,30,41,1,13
Lotto Texas,12,19,2018,34,43,51,30,41,38
Lotto Texas,12,22,2018,7,8,48,20,47,38
Lotto Texas,12,26,2018,40,5,33,47,42,26
Lotto Texas,12,29,2018,46,33,9,20,15,10
Lotto Texas,1,2,2019,35,7,36,25,28,27
Lotto Texas,1,5,2019,47,21,6,35,13,2
Lotto Texas,1,9,2019,37,17,8,52,16,5
Lotto Texas,1,12,2019,8,30,22,24,49,11
Lotto Texas,1,16,2019,43,4,1,50,31,38
Lotto Texas,1,19,2019,39,11,5,15,47,30
Lotto Texas,1,23,2019,34,17,38,1,7,23
Lotto Texas,1,26,2019,7,53,9,44,3,30
Lotto Texas,1,30,2019,22,45,20,48,9,28
Lotto Texas,2,2,2019,47,24,5,4,50,13
Lotto Texas,2,6,2019,48,35,34,9,11,44
Lotto Texas,2,9,2019,52,11,13,16,48,21
Lotto Texas,2,13,2019,30,17,42,9,14,37
Lotto Texas,2,16,2019,5,27,38,48,35,51
Lotto Texas,2,20,2019,36,30,12,51,54,38
Lotto Texas,2,23,2019,48,3,32,50,2,1
Lotto Texas,2,27,2019,10,11,35,14,42,5
Lotto Texas,3,2,2019,38,44,40,24,49,13
Lotto Texas,3,6,2019,34,27,15,43,24,8
Lotto Texas,3,9,2019,2,22,14,8,10,31
Lotto Texas,3,13,2019,6,37,53,50,42,2
Lotto Texas,3,16,2019,44,8,33,1,15,54
Lotto Texas,3,20,2019,42,15,29,40,26,14
Lotto Texas,3,23,2019,3,6,18,2,24,1
Lotto Texas,3,27,2019,3,52,30,37,29,2
Lotto Texas,3,30,2019,43,13,38,28,24,30
Lotto Texas,4,3,2019,51,21,23,3,17,36
Lotto Texas,4,6,2019,20,1,51,35,8,52
Lotto Texas,4,10,2019,43,23,42,10,28,15
Lotto Texas,4,13,2019,4,26,14,1,15,10
Lotto Texas,4,17,2019,29,15,30,8,7,17
Lotto Texas,4,20,2019,32,28,7,44,34,25
Lotto Texas,4,24,2019,26,39,35,2,43,19
Lotto Texas,4,27,2019,26,35,32,1,37,14
Lotto Texas,5,1,2019,42,50,7,25,17,5
Lotto Texas,5,4,2019,28,44,14,22,40,10
Lotto Texas,5,8,2019,34,2,36,39,42,5
Lotto Texas,5,11,2019,24,12,22,33,32,48
Lotto Texas,5,15,2019,20,21,49,16,10,29
Lotto Texas,5,18,2019,28,13,31,20,44,10
Lotto Texas,5,22,2019,2,50,37,42,23,9
Lotto Texas,5,25,2019,35,31,30,17,8,21
Lotto Texas,5,29,2019,43,8,28,26,52,12
Lotto Texas,6,1,2019,42,19,3,14,9,53
Lotto Texas,6,5,2019,8,3,29,51,52,22
Lotto Texas,6,8,2019,2,45,17,14,35,36
Lotto Texas,6,12,2019,17,3,28,25,27,18
Lotto Texas,6,15,2019,48,46,8,9,16,12
Lotto Texas,6,19,2019,8,36,13,53,6,50
Lotto Texas,6,22,2019,46,35,5,4,29,17
Lotto Texas,6,26,2019,26,35,41,34,1,19
Lotto Texas,6,29,2019,29,48,54,2,39,9
Lotto Texas,7,3,2019,9,51,5,25,40,14
Lotto Texas,7,6,2019,28,51,2,26,21,9
Lotto Texas,7,10,2019,39,14,31,8,45,2
Lotto Texas,7,13,2019,2,36,50,9,51,5
Lotto Texas,7,17,2019,38,52,25,15,39,8
Lotto Texas,7,20,2019,51,3,45,35,50,38
Lotto Texas,7,24,2019,22,46,9,2,49,16
Lotto Texas,7,27,2019,8,53,20,6,2,1
Lotto Texas,7,31,2019,34,24,36,44,41,20
Lotto Texas,8,3,2019,18,17,6,26,20,34
Lotto Texas,8,7,2019,22,1,35,31,16,3
Lotto Texas,8,10,2019,18,36,27,52,48,19
Lotto Texas,8,14,2019,36,39,22,49,23,29
Lotto Texas,8,17,2019,18,23,44,14,40,21
Lotto Texas,8,21,2019,48,52,36,29,18,28
Lotto Texas,8,24,2019,11,52,50,31,42,48
Lotto Texas,8,28,2019,42,9,40,53,49,21
Lotto Texas,8,31,2019,30,44,5,54,7,41
Lotto Texas,9,4,2019,4,36,26,50,37,45
Lotto Texas,9,7,2019,42,23,22,33,40,31
Lotto Texas,9,11,2019,49,8,30,12,31,11
Lotto Texas,9,14,2019,28,31,24,1,3,41
Lotto Texas,9,18,2019,50,29,24,26,3,45
Lotto Texas,9,21,2019,43,2,45,54,20,31
Lotto Texas,9,25,2019,26,41,38,5,9,44
Lotto Texas,9,28,2019,54,16,49,39,18,45
Lotto Texas,10,2,2019,26,39,42,49,9,47
Lotto Texas,10,5,2019,10,6,32,24,18,37
Lotto Texas,10,9,2019,18,41,27,14,33,19
Lotto Texas,10,12,2019,15,3,44,49,29,11
Lotto Texas,10,16,2019,49,39,12,15,25,46
Lotto Texas,10,19,2019,41,29,50,51,46,19
Lotto Texas,10,23,2019,11,35,44,5,4,50
Lotto Texas,10,26,2019,2,1,41,26,54,42
Lotto Texas,10,30,2019,53,40,28,31,11,10
Lotto Texas,11,2,2019,23,11,15,5,14,24
Lotto Texas,11,6,2019,44,4,53,16,50,23
Lotto Texas,11,9,2019,41,10,36,38,4,49
Lotto Texas,11,13,2019,21,22,52,40,2,50
Lotto Texas,11,16,2019,19,13,24,4,12,54
Lotto Texas,11,20,2019,15,21,36,31,1,46
Lotto Texas,11,23,2019,5,18,53,21,13,27
Lotto Texas,11,27,2019,8,5,24,9,19,12
Lotto Texas,11,30,2019,29,23,24,5,18,46
Lotto Texas,12,4,2019,3,8,41,30,24,32
Lotto Texas,12,7,2019,51,38,7,2,42,47
Lotto Texas,12,11,2019,34,32,54,25,46,9
Lotto Texas,12,14,2019,51,9,14,2,52,8
Lotto Texas,12,18,2019,50,54,31,13,23,35
Lotto Texas,12,21,2019,37,45,7,21,24,44
Lotto Texas,12,25,2019,8,15,49,17,25,16
Lotto Texas,12,28,2019,19,53,8,18,37,49
Lotto Texas,1,1,2020,37,13,3,35,4,19
Lotto Texas,1,4,2020,27,17,20,21,44,25
Lotto Texas,1,8,2020,10,27,36,14,7,9
Lotto Texas,1,11,2020,25,13,31,20,5,27
Lotto Texas,1,15,2020,38,49,40,54,34,16
Lotto Texas,1,18,2020,45,20,27,17,35,33
Lotto Texas,1,22,2020,20,13,4,48,51,35
Lotto Texas,1,25,2020,39,44,37,29,25,22
Lotto Texas,1,29,2020,31,27,49,17,52,47
Lotto Texas,2,1,2020,39,14,49,15,8,27
Lotto Texas,2,5,2020,32,15,27,20,22,21
Lotto Texas,2,8,2020,6,9,33,30,47,3
Lotto Texas,2,12,2020,28,7,6,38,2,10
Lotto Texas,2,15,2020,31,13,1,32,40,12
Lotto Texas,2,19,2020,22,18,31,1,35,42
Lotto Texas,2,22,2020,38,8,23,47,16,41
Lotto Texas,2,26,2020,53,12,40,35,52,47
Lotto Texas,2,29,2020,1,11,21,52,9,28
Lotto Texas,3,4,2020,40,35,15,7,10,37
Lotto Texas,3,7,2020,38,31,9,49,10,54
Lotto Texas,3,11,2020,48,24,27,9,49,6
Lotto Texas,3,14,2020,26,40,13,48,7,28
Lotto Texas,3,18,2020,30,39,8,17,29,20
Lotto Texas,3,21,2020,27,8,18,14,3,47
Lotto Texas,3,25,2020,5,51,54,36,40,33
Lotto Texas,3,28,2020,9,44,15,10,17,13
Lotto Texas,4,1,2020,31,45,35,1,20,19
Lotto Texas,4,4,2020,5,4,43,54,15,20
Lotto Texas,4,8,2020,18,33,35,8,25,39
Lotto Texas,4,11,2020,16,40,5,27,24,4
Lotto Texas,4,15,2020,27,44,49,47,20,21
Lotto Texas,4,18,2020,47,54,19,42,4,35
Lotto Texas,4,22,2020,19,50,44,9,30,17
Lotto Texas,4,25,2020,14,38,54,22,19,39
Lotto Texas,4,29,2020,39,40,25,18,36,30
Lotto Texas,5,2,2020,36,30,52,12,48,49
Lotto Texas,5,6,2020,10,51,13,22,30,12
Lotto Texas,5,9,2020,46,36,43,1,30,6
Lotto Texas,5,13,2020,54,8,39,21,16,15
Lotto Texas,5,16,2020,2,31,17,33,34,37
Lotto Texas,5,20,2020,4,50,29,5,2,48
Lotto Texas,5,23,2020,45,28,54,7,11,46
Lotto Texas,5,27,2020,1,2,13,44,45,37
Lotto Texas,5,30,2020,48,49,47,8,22,26
Lotto Texas,6,3,2020,47,8,41,42,36,31
Lotto Texas,6,6,2020,9,17,8,26,31,14
Lotto Texas,6,10,2020,15,28,38,51,5,45
Lotto Texas,6,13,2020,39,49,18,6,12,48
Lotto Texas,6,17,2020,44,13,19,46,52,1
Lotto Texas,6,20,2020,32,4,54,17,46,37
Lotto Texas,6,24,2020,9,36,7,47,22,11
Lotto Texas,6,27,2020,9,37,15,3,21,48
Lotto Texas,7,1,2020,32,17,35,20,53,6
Lotto Texas,7,4,2020,40,22,14,38,36,1
Lotto Texas,7,8,2020,32,2,10,38,23,34
Lotto Texas,7,11,2020,53,9,52,20,50,45
Lotto Texas,7,15,2020,27,34,43,2,21,35
Lotto Texas,7,18,2020,29,11,34,22,15,44
Lotto Texas,7,22,2020,39,47,12,32,52,18
Lotto Texas,7,25,2020,42,15,25,52,47,49
Lotto Texas,7,29,2020,12,32,51,7,3,10
Lotto Texas,8,1,2020,27,10,36,48,4,24
Lotto Texas,8,5,2020,54,15,37,8,12,44
Lotto Texas,8,8,2020,18,3,13,42,33,23
Lotto Texas,8,12,2020,41,35,6,15,25,39
Lotto Texas,8,15,2020,42,51,47,15,46,14
Lotto Texas,8,19,2020,24,51,31,29,20,33
Lotto Texas,8,22,2020,54,38,6,9,11,31
Lotto Texas,8,26,2020,52,44,21,35,27,14
Lotto Texas,8,29,2020,18,33,39,22,35,7
Lotto Texas,9,2,2020,54,26,7,32,13,46
Lotto Texas,9,5,2020,35,17,16,4,9,20
Lotto Texas,9,9,2020,21,35,40,5,48,11
Lotto Texas,9,12,2020,36,31,33,27,20,40
Lotto Texas,9,16,2020,18,2,44,47,19,7
Lotto Texas,9,19,2020,28,5,31,3,46,36
Lotto Texas,9,23,2020,45,10,32,11,22,54
Lotto Texas,9,26,2020,11,13,22,6,29,32
Lotto Texas,9,30,2020,16,11,4,27,19,30
Lotto Texas,10,3,2020,13,26,6,48,54,18
Lotto Texas,10,7,2020,3,20,34,36,12,43
Lotto Texas,10,10,2020,51,7,23,38,53,2
Lotto Texas,10,14,2020,17,31,10,35,12,29
Lotto Texas,10,17,2020,24,31,27,13,29,16
Lotto Texas,10,21,2020,16,6,46,14,24,17
Lotto Texas,10,24,2020,36,27,10,5,44,38
Lotto Texas,10,28,2020,2,47,19,6,43,25
Lotto Texas,10,31,2020,25,40,14,35,52,53
Lotto Texas,11,4,2020,54,52,26,25,8,39
Lotto Texas,11,7,2020,23,26,17,52,15,43
Lotto Texas,11,11,2020,6,9,23,31,52,46
Lotto Texas,11,14,2020,53,27,36,10,38,19
Lotto Texas,11,18,2020,36,19,27,22,46,39
Lotto Texas,11,21,2020,2,10,36,47,42,53
Lotto Texas,11,25,2020,49,9,53,37,6,10
Lotto Texas,11,28,2020,20,28,9,26,13,17
Lotto Texas,12,2,2020,54,4,14,12,31,44
Lotto Texas,12,5,2020,50,9,4,22,5,6
Lotto Texas,12,9,2020,20,54,39,34,43,51
Lotto Texas,12,12,2020,50,31,54,52,36,4
Lotto Texas,12,16,2020,34,26,1,51,44,37
Lotto Texas,12,19,2020,18,7,29,28,30,50
Lotto Texas,12,23,2020,53,38,7,33,47,4
Lotto Texas,12,26,2020,33,13,12,18,32,25
Lotto Texas,12,30,2020,21,13,16,1,4,28
Lotto Texas,1,2,2021,14,20,18,13,52,44
Lotto Texas,1,6,2021,45,14,17,6,32,44
Lotto Texas,1,9,2021,11,3,35,23,41,54
Lotto Texas,1,13,2021,6,36,1,48,23,40
Lotto Texas,1,16,2021,23,8,26,13,16,51
Lotto Texas,1,20,2021,49,30,14,45,6,50
Lotto Texas,1,23,2021,25,9,22,18,27,46
Lotto Texas,1,27,2021,31,29,39,27,8,19
Lotto Texas,1,30,2021,14,47,46,20,34,51
Lotto Texas,2,3,2021,3,6,9,8,19,22
Lotto Texas,2,6,2021,19,34,44,9,32,2
Lotto Texas,2,10,2021,26,48,34,37,27,53
Lotto Texas,2,13,2021,12,48,28,1,26,42
Lotto Texas,2,17,2021,40,10,2,38,54,31
Lotto Texas,2,20,2021,8,10,3,11,21,40
Lotto Texas,2,24,2021,15,7,3,43,31,30
Lotto Texas,2,27,2021,17,23,54,35,5,41
Lotto Texas,3,3,2021,35,47,30,6,32,26
Lotto Texas,3,6,2021,24,38,41,13,15,19
Lotto Texas,3,10,2021,20,5,52,47,10,51
Lotto Texas,3,13,2021,30,31,44,4,34,2
Lotto Texas,3,17,2021,45,11,48,50,24,37
Lotto Texas,3,20,2021,37,28,4,34,9,20
Lotto Texas,3,24,2021,27,51,6,21,37,33
Lotto Texas,3,27,2021,24,16,42,48,45,50
Lotto Texas,3,31,2021,13,20,25,49,32,1
Lotto Texas,4,3,2021,28,39,7,23,4,34
Lotto Texas,4,7,2021,2,14,43,5,19,29
Lotto Texas,4,10,2021,25,36,10,34,43,21
Lotto Texas,4,14,2021,52,23,48,29,3,16
Lotto Texas,4,17,2021,3,41,28,5,30,51
Lotto Texas,4,21,2021,12,25,4,11,19,33
Lotto Texas,4,24,2021,6,19,39,43,3,24
Lotto Texas,4,28,2021,30,26,4,16,37,17
Lotto Texas,5,1,2021,18,4,49,6,36,29
Lotto Texas,5,5,2021,19,1,46,53,2,39
Lotto Texas,5,8,2021,53,10,27,9,33,20
Lotto Texas,5,12,2021,5,11,54,50,38,19
Lotto Texas,5,15,2021,24,42,23,44,15,8
Lotto Texas,5,19,2021,12,25,51,37,53,4
Lotto Texas,5,22,2021,33,12,30,4,25,31
Lotto Texas,5,26,2021,5,1,2,17,39,11
Lotto Texas,5,29,2021,52,20,23,39,29,37
Lotto Texas,6,2,2021,44,22,45,54,47,33
Lotto Texas,6,5,2021,46,24,11,27,5,20
Lotto Texas,6,9,2021,44,32,1,11,52,17
Lotto Texas,6,12,2021,27,50,5,36,49,14
Lotto Texas,6,16,2021,8,18,36,23,24,15
Lotto Texas,6,19,2021,10,52,44,12,43,50
Lotto Texas,6,23,2021,5,18,35,41,23,31
Lotto Texas,6,26,2021,8,51,50,18,47,6
Lotto Texas,6,30,2021,21,13,42,49,4,44
Lotto Texas,7,3,2021,5,49,14,4,11,18
Lotto Texas,7,7,2021,32,41,8,33,23,7
Lotto Texas,7,10,2021,42,51,23,46,48,10
Lotto Texas,7,14,2021,11,5,37,54,7,43
Lotto Texas,7,17,2021,38,43,1,5,36,2
Lotto Texas,7,21,2021,23,11,40,48,45,30
Lotto Texas,7,24,2021,7,24,34,3,10,28
Lotto Texas,7,28,2021,38,48,29,30,22,25
Lotto Texas,7,31,2021,10,6,21,20,2,53
Lotto Texas,8,4,2021,31,12,7,48,14,28
Lotto Texas,8,7,2021,2,25,11,49,15,42
Lotto Texas,8,11,2021,38,42,41,23,10,20
Lotto Texas,8,14,2021,36,11,54,21,52,7
Lotto Texas,8,18,2021,36,39,54,9,27,52
Lotto Texas,8,21,2021,27,54,20,23,34,1
Lotto Texas,8,23,2021,4,16,54,39,32,19
Lotto Texas,8,25,2021,48,20,9,31,45,19
Lotto Texas,8,28,2021,1,30,25,39,9,41
Lotto Texas,8,30,2021,27,52,40,4,7,2
Lotto Texas,9,1,2021,32,48,38,51,15,41
Lotto Texas,9,4,2021,27,25,52,32,2,10
Lotto Texas,9,6,2021,50,43,3,45,10,26
Lotto Texas,9,8,2021,10,42,47,38,52,20
Lotto Texas,9,11,2021,33,16,13,21,26,9
Lotto Texas,9,13,2021,48,10,16,11,24,4
Lotto Texas,9,15,2021,15,36,27,32,21,28
Lotto Texas,9,18,2021,36,3,51,43,29,53
Lotto Texas,9,20,2021,31,44,34,23,17,11
Lotto Texas,9,22,2021,1,41,17,28,11,22
Lotto Texas,9,25,2021,39,9,21,29,5,12
Lotto Texas,9,27,2021,23,32,50,22,41,49
Lotto Texas,9,29,2021,32,15,21,31,22,18
Lotto Texas,10,2,2021,14,29,41,9,23,1
Lotto Texas,10,4,2021,53,42,39,35,9,41
Lotto Texas,10,6,2021,39,14,37,40,35,45
Lotto Texas,10,9,2021,18,3,45,9,17,35
Lotto Texas,10,11,2021,32,1,51,38,36,37
Lotto Texas,10,13,2021,12,44,31,21,10,41
Lotto Texas,10,16,2021,27,26,37,32,36,42
Lotto Texas,10,18,2021,29,2,43,54,11,45
Lotto Texas,10,20,2021,10,50,22,37,52,12
Lotto Texas,10,23,2021,4,51,53,42,8,31
Lotto Texas,10,25,2021,26,45,20,23,44,25
Lotto Texas,10,27,2021,25,51,46,47,20,8
Lotto Texas,10,30,2021,7,12,45,3,14,26
Lotto Texas,11,1,2021,24,29,51,41,44,8
Lotto Texas,11,3,2021,22,40,36,1,52,6
Lotto Texas,11,6,2021,9,12,17,44,18,36
Lotto Texas,11,8,2021,14,38,44,34,31,47
Lotto Texas,11,10,2021,37,44,8,36,50,6
Lotto Texas,11,13,2021,5,37,25,52,44,28
Lotto Texas,11,15,2021,51,2,49,25,4,46
Lotto Texas,11,17,2021,18,34,8,44,4,14
